"";"site";"Region";"depth";"Quadrat size m2";"Quadrat";"Bedrock..";"Boulders..";"Cobbles..";"Pebbles..";"sand";"Shell";"S.latissima No.";"Saccharina";"SL Juveniles No.";"Agarum No.";"Agarum";"Aga. Juveniles";"Alaria No.";"Alaria";"Ala. Juveniles";"Desmarestia No.";"Desmarestia";"Coralline algae %";"Fucus";"Saccorhiza No.";"Saccorhiza";"L. solid No.";"L.solidungula";"L. solid juv";"L. digitata No.";"L.digitata";"Filamentous";"Filament.Brown";"Red.algae.fleshy";"Alga.Roja.fol";"Green";"Sea Urchin No.";"Chitons";"Polychaetos";"Sea stars";"Sculpin";"Fish No.";"Sea Cucumber";"Anemons";"Ophiurida";"Giant Isopod";"Eggs Gastro";"Bivalves";"Gastropods";"Bryozoos %";"Hydrozoos %";"Barnacles %_";"Crab";"Porifera";"Ascidea pedunculada";"Laminariales.unspecified";"kelp.cover";"Laminariales";"S.latissima";"L.solidung";"rock";"visible.substrate";"BedrockP";"CobbleP";"BoulderP";"PebblesP";"SandP";"lon";"lat";"lon_BO";"lat_BO";"BO_calcite";"BO_damean";"BO_parmean";"BO_ph";"BO2_chlomean_bdmin";"BO2_curvelmean_bdmin";"BO2_dissoxmean_bdmin";"BO2_ironmean_bdmin";"BO2_phosphatemean_bdmin";"BO2_lightbotmean_bdmin";"BO2_nitratemean_bdmin";"BO2_tempmean_bdmin";"BO2_carbonphytomean_bdmin";"BO2_ppmean_bdmin";"BO2_salinitymean_bdmin";"BO2_silicatemean_bdmin";"BO2_icecovermean_ss";"BO2_icethickmean_ss";"BO2_icethickrange_ss"
"1";"Bear Island";"Hudson Strait";10;1;4,5;1,875;0;75;0;23,125;0;1;17,5;1,25;0;0;0;0;0;0;0;0;3,25;25,625;0,125;0;0;0;0;0;0;6,25;0;0;0;0;0,75;0;0;0,375;0,125;0,125;0;0;0;0;0;0;0;0;0;0;0;0;NA;0;17,5;0;17,5;0;76,875;100;1,875;75;0;0;23,125;-83,2202;64,0194;-83,2083333333333;64,0416666666667;0,00302199996076524;0,131999999284744;30,7469997406006;8,20499992370605;0,3127161860466;0,00565932737663388;354,961212158203;0,00215474842116237;0,584722399711609;2,32501196861267;0,782349526882172;0,571767807006836;1,52846479415894;0,00169799663126469;29,5440616607666;6,87592077255249;0,252126395702362;0,33826544880867;0,978252828121185
"2";"Bear Island";"Hudson Strait";15;1;4,5;0;56,25;43,75;0;0;0;0,5;6,25;2;0,375;3,125;0;0,75;4,75;0,375;0,375;6,25;25,725;0;0;0;0;0;0;0;0;0;0;0;0;0;6,25;0,875;0,875;0,125;0;0;0;0;0;0;0;0;0;0;0;0;0;0;NA;0;14,125;0;6,25;0;100;100;0;43,75;56,25;0;0;-83,2202;64,0194;-83,2083333333333;64,0416666666667;0,00302199996076524;0,131999999284744;30,7469997406006;8,20499992370605;0,3127161860466;0,00565932737663388;354,961212158203;0,00215474842116237;0,584722399711609;2,32501196861267;0,782349526882172;0,571767807006836;1,52846479415894;0,00169799663126469;29,5440616607666;6,87592077255249;0,252126395702362;0,33826544880867;0,978252828121185
"3";"Black Point";"North Baffin Island";5;1;4,5;0;73,75;14,375;0;11,875;NA;NA;0;NA;4,125;38,625;NA;2,25;11,75;3,66666666666667;NA;3,125;69,375;0;0;0;1,5;12,875;0,125;0;0;0;0;0;NA;0;4,125;NA;NA;NA;NA;NA;NA;NA;NA;NA;NA;NA;NA;NA;NA;NA;NA;NA;NA;NA;63,25;12,875;0;12,875;88,125;100;0;14,375;73,75;0;11,875;-77,9371;72,7031;-77,9583333333333;72,7083333333333;0,00125800003297627;0,104000002145767;36,3120002746582;8,21100044250488;0,425915718078613;0,142703533172607;378,865478515625;0,00260815490037203;0,541918456554413;1,209074744962e-30;1,74964010715485;-1,0678414106369;1,88299417495728;0,00290042208507657;32,2883949279785;7,63239192962646;0,39290264248848;0,639189779758453;1,90412878990173
"4";"Black Point";"North Baffin Island";10;1;4;0;41,4285714285714;39,2857142857143;0;19,2857142857143;NA;0;0;0;1,85714285714286;32,1428571428571;0;0;0;NA;NA;0;34,5357142857143;0;NA;0;0;0;0;0;0;0;0;0;0;0;1,85714285714286;NA;NA;0;NA;0;NA;0;NA;NA;NA;0;NA;NA;NA;NA;NA;NA;NA;0;32,1428571428571;0;0;0;80,7142857142857;100;0;39,2857142857143;41,4285714285714;0;19,2857142857143;-77,9371;72,7031;-77,9583333333333;72,7083333333333;0,00125800003297627;0,104000002145767;36,3120002746582;8,21100044250488;0,425915718078613;0,142703533172607;378,865478515625;0,00260815490037203;0,541918456554413;1,209074744962e-30;1,74964010715485;-1,0678414106369;1,88299417495728;0,00290042208507657;32,2883949279785;7,63239192962646;0,39290264248848;0,639189779758453;1,90412878990173
"5";"Churchill T2";"Hudson Bay";5;1;7,54545454545455;13,2727272727273;0;24;11,2727272727273;22,2727272727273;7,18181818181818;NA;0;NA;NA;0;NA;NA;0;NA;NA;0;0;0;NA;0;NA;0;NA;NA;0;0,454545454545455;0,454545454545455;0;NA;0;NA;NA;NA;NA;NA;NA;NA;NA;NA;NA;NA;20,6363636363636;NA;NA;NA;NA;NA;NA;NA;0;0;0;0;0;48,5454545454545;70,8181818181818;14,4949494949495;27,9964951074408;0;17,0426187003727;40,465936697237;-94,2189;58,7864;-94,2083333333333;58,7916666666667;0,0100659998133779;0,360000014305115;30,6389999389648;8,20699977874756;0,429603189229965;0,0143110761418939;352,624114990234;0,00293817301280797;0,452450424432755;0,0198130384087563;0,879899263381958;1,56195414066315;2,09687685966492;0,00333126680925488;28,1352405548096;7,20170545578003;0,407749086618423;0,483774930238724;1,9940482378006
"6";"Churchill T2";"Hudson Bay";15;1;7,5;1,71428571428571;0;2;6,28571428571429;6,42857142857143;5,42857142857143;NA;0;NA;NA;0;NA;NA;0;NA;NA;0;0;0;NA;0;NA;0;NA;NA;0;29,7142857142857;29,7142857142857;0;NA;0;NA;NA;NA;NA;NA;NA;NA;NA;NA;NA;NA;48,1428571428571;NA;NA;NA;NA;NA;NA;NA;NA;0;0;0;0;10;16,4285714285714;4,76190476190476;9,8330241187384;0;20,9178916321773;35,9157509157509;-94,2189;58,7864;-94,2083333333333;58,7916666666667;0,0100659998133779;0,360000014305115;30,6389999389648;8,20699977874756;0,429603189229965;0,0143110761418939;352,624114990234;0,00293817301280797;0,452450424432755;0,0198130384087563;0,879899263381958;1,56195414066315;2,09687685966492;0,00333126680925488;28,1352405548096;7,20170545578003;0,407749086618423;0,483774930238724;1,9940482378006
"7";"Churchill T3";"Hudson Bay";10;1;7;23,6923076923077;12,3076923076923;12;9,38461538461539;2,61538461538462;0,307692307692308;NA;1,23076923076923;NA;NA;0;NA;NA;0;NA;NA;0;4,43076923076923;0;NA;0;NA;0;NA;NA;0,923076923076923;35,6923076923077;3,38461538461538;0;24;0;NA;NA;NA;NA;NA;NA;NA;NA;NA;NA;NA;1,84615384615385;NA;NA;NA;NA;NA;NA;NA;NA;2,15384615384615;0,923076923076923;1,23076923076923;0;57,3846153846154;60;40,129850825503;20,4935897435897;20,5190058479532;11,9508637815274;6,90668980142664;-94,2142;58,8122;-94,2083333333333;58,7916666666667;0,0100659998133779;0,360000014305115;30,6389999389648;8,20699977874756;0,429603189229965;0,0143110761418939;352,624114990234;0,00293817301280797;0,452450424432755;0,0198130384087563;0,879899263381958;1,56195414066315;2,09687685966492;0,00333126680925488;28,1352405548096;7,20170545578003;0,407749086618423;0,483774930238724;1,9940482378006
"8";"Churchill T3";"Hudson Bay";15;1;7;0;21,0769230769231;9,53846153846154;4,23076923076923;49,6923076923077;2,30769230769231;NA;1,15384615384615;NA;NA;0;NA;NA;0;NA;NA;0;6,32307692307692;0;NA;0;NA;7,23076923076923;NA;NA;0;5,92307692307692;0;0;NA;0;NA;NA;NA;NA;NA;NA;NA;NA;NA;NA;NA;0;NA;NA;NA;NA;NA;NA;NA;NA;8,38461538461539;7,23076923076923;1,15384615384615;7,23076923076923;34,8461538461538;84,5384615384615;0;9,76802713644819;25,8016194331984;4,72547504467762;59,7048783856758;-94,2142;58,8122;-94,2083333333333;58,7916666666667;0,0100659998133779;0,360000014305115;30,6389999389648;8,20699977874756;0,429603189229965;0,0143110761418939;352,624114990234;0,00293817301280797;0,452450424432755;0,0198130384087563;0,879899263381958;1,56195414066315;2,09687685966492;0,00333126680925488;28,1352405548096;7,20170545578003;0,407749086618423;0,483774930238724;1,9940482378006
"9";"Churchill T4";"Hudson Bay";10;1;7;47,6923076923077;19,6153846153846;11,5384615384615;5,38461538461539;4,61538461538461;0;NA;0,769230769230769;NA;NA;0;NA;NA;0;NA;NA;0;0;0,384615384615385;NA;0;NA;0;NA;NA;0;6,07692307692308;0;3,92307692307692;NA;0;NA;NA;NA;NA;NA;NA;NA;NA;NA;NA;NA;0;NA;NA;NA;NA;NA;NA;NA;NA;0,769230769230769;0;0,769230769230769;0;84,2307692307692;88,8461538461538;54,9990943980714;12,430869783811;21,3251454427925;6,54403567447046;4,7008547008547;-94,2297;58,8006;-94,2083333333333;58,7916666666667;0,0100659998133779;0,360000014305115;30,6389999389648;8,20699977874756;0,429603189229965;0,0143110761418939;352,624114990234;0,00293817301280797;0,452450424432755;0,0198130384087563;0,879899263381958;1,56195414066315;2,09687685966492;0,00333126680925488;28,1352405548096;7,20170545578003;0,407749086618423;0,483774930238724;1,9940482378006
"10";"Churchill T4";"Hudson Bay";15;1;7;1,15384615384615;8,46153846153846;0;1,92307692307692;60,3076923076923;0;NA;0;NA;NA;13,5384615384615;NA;NA;0;NA;NA;0;0;7,30769230769231;NA;0;NA;5;NA;NA;0;1,15384615384615;1,15384615384615;1,15384615384615;NA;0;NA;NA;NA;NA;NA;NA;NA;NA;NA;NA;NA;0;NA;NA;NA;NA;NA;NA;NA;NA;18,5384615384615;5;0;5;11,5384615384615;71,8461538461538;1,34615384615385;0;9,22600619195046;2,56410256410256;86,8637373977931;-94,2297;58,8006;-94,2083333333333;58,7916666666667;0,0100659998133779;0,360000014305115;30,6389999389648;8,20699977874756;0,429603189229965;0,0143110761418939;352,624114990234;0,00293817301280797;0,452450424432755;0,0198130384087563;0,879899263381958;1,56195414066315;2,09687685966492;0,00333126680925488;28,1352405548096;7,20170545578003;0,407749086618423;0,483774930238724;1,9940482378006
"11";"Deception Bay T1";"Hudson Strait";5;1;5,5;0;0;0;0;100;0;NA;0;NA;NA;0;NA;NA;0;NA;NA;0;0;0,5;NA;0;NA;0;NA;NA;0;0;0;0;NA;0;NA;NA;NA;NA;NA;NA;NA;NA;NA;NA;NA;0;NA;NA;NA;NA;NA;NA;NA;NA;0;0;0;0;0;100;0;0;0;0;100;-74,6195;62,1233;-74,625;62,125;0,00114700000267476;0,127000004053116;29,8460006713867;8,20100021362305;0,310098946094513;0,0410512425005436;363,146026611328;0,00168823904823512;0,531337320804596;2,75767464419374e-10;0,573727369308472;0,23630927503109;1,36546015739441;0,00126943737268448;31,9818801879883;8,99677276611328;0,358814239501953;0,339788764715195;1,21945488452911
"12";"Deception Bay T1";"Hudson Strait";10;1;5,5;4,9;0;0;0;95,1;0;NA;0;NA;NA;0;NA;NA;0;NA;NA;0;0;27,3;NA;0;NA;0;NA;NA;0;0;0;0;NA;0;NA;NA;NA;NA;NA;NA;NA;NA;NA;NA;NA;0;NA;NA;NA;NA;NA;NA;NA;NA;0;0;0;0;4,9;100;4,9;0;0;0;95,1;-74,6195;62,1233;-74,625;62,125;0,00114700000267476;0,127000004053116;29,8460006713867;8,20100021362305;0,310098946094513;0,0410512425005436;363,146026611328;0,00168823904823512;0,531337320804596;2,75767464419374e-10;0,573727369308472;0,23630927503109;1,36546015739441;0,00126943737268448;31,9818801879883;8,99677276611328;0,358814239501953;0,339788764715195;1,21945488452911
"13";"Deception Bay T2";"Hudson Strait";10;1;5,5;0;0;0;1,6;88,6;0,8;NA;46,85;NA;NA;0;NA;NA;0;NA;NA;1,98;0;0;NA;0;NA;0;NA;NA;0;5,27;0;0;NA;0;NA;NA;NA;NA;NA;NA;NA;NA;NA;NA;NA;NA;NA;NA;NA;NA;NA;NA;NA;NA;46,85;0;46,85;0;1,6;90,2;0;0;0;1,60927835051546;98,3907216494845;-74,6882;62,1421;-74,7083333333333;62,125;0,00126199994701892;0,130999997258186;29,1520004272461;8,20100021362305;0,308115065097809;0,0406548678874969;363,109375;0,00169228343293071;0,530981600284576;4,49955314252293e-06;0,570380210876465;0,243213057518005;1,35834920406342;0,00123975554015487;31,9671993255615;9,01829719543457;0,359095424413681;0,340314000844955;1,22912693023682
"14";"Deception Bay T2";"Hudson Strait";15;1;5,5;0;0;1,5;4,9;84;9,6;NA;0;NA;NA;0;NA;NA;0;NA;NA;0;0;0;NA;0;NA;63;NA;NA;0;2;0;0;NA;0;NA;NA;NA;NA;NA;NA;NA;NA;NA;NA;NA;NA;NA;NA;NA;NA;NA;NA;NA;NA;63;63;0;63;6,4;90,4;0;2,14285714285714;0;5,74508078707407;92,1120620700688;-74,6882;62,1421;-74,7083333333333;62,125;0,00126199994701892;0,130999997258186;29,1520004272461;8,20100021362305;0,308115065097809;0,0406548678874969;363,109375;0,00169228343293071;0,530981600284576;4,49955314252293e-06;0,570380210876465;0,243213057518005;1,35834920406342;0,00123975554015487;31,9671993255615;9,01829719543457;0,359095424413681;0,340314000844955;1,22912693023682
"15";"Deception Bay T3";"Hudson Strait";5;1;5,5;0;0;0;0;100;0;NA;16,87;NA;NA;3,14;NA;NA;1,5;NA;NA;17,46;0;12;NA;0;NA;13,3;NA;NA;0;0,5;0;0;NA;0;NA;NA;NA;NA;NA;NA;NA;NA;NA;NA;NA;0;NA;NA;NA;NA;NA;NA;NA;NA;34,81;13,3;16,87;13,3;0;100;0;0;0;0;100;-74,8102;62,2023;-74,7916666666667;62,2083333333333;0,00254100002348423;0,13400000333786;29,556999206543;8,20100021362305;0,307734847068787;0,0452894531190395;363,115356445312;0,00169179309159517;0,530744850635529;0,000744499091524631;0,567591309547424;0,247578769922256;1,35696172714233;0,00122951169032604;31,9644203186035;9,02735328674316;0,355563968420029;0,340988308191299;1,2375648021698
"16";"Deception Bay T3";"Hudson Strait";10;1;5,5;0;0;0;0;99,5;0,5;NA;40,08;NA;NA;0;NA;NA;0;NA;NA;0;0;0;NA;0;NA;0,67;NA;NA;0;0;0;0;NA;0;NA;NA;NA;NA;NA;NA;NA;NA;NA;NA;NA;NA;NA;NA;NA;NA;NA;NA;NA;NA;40,75;0,67;40,08;0,67;0;99,5;0;0;0;0;100;-74,8102;62,2023;-74,7916666666667;62,2083333333333;0,00254100002348423;0,13400000333786;29,556999206543;8,20100021362305;0,307734847068787;0,0452894531190395;363,115356445312;0,00169179309159517;0,530744850635529;0,000744499091524631;0,567591309547424;0,247578769922256;1,35696172714233;0,00122951169032604;31,9644203186035;9,02735328674316;0,355563968420029;0,340988308191299;1,2375648021698
"17";"Deception Bay T4";"Hudson Strait";10;1;6;0;0;19,0909090909091;28,6363636363636;52,2727272727273;NA;NA;40,9090909090909;NA;NA;0;NA;NA;35;NA;NA;0;0;0;NA;0;NA;5,90909090909091;NA;NA;0;1,81818181818182;1,81818181818182;0,454545454545455;NA;0;NA;NA;NA;NA;NA;NA;NA;NA;NA;NA;NA;NA;NA;NA;NA;NA;NA;NA;NA;0;81,8181818181818;5,90909090909091;40,9090909090909;5,90909090909091;47,7272727272727;100;0;19,0909090909091;0;28,6363636363636;52,2727272727273;-74,8609;62,2457;-74,875;62,2083333333333;0,00132200005464256;0,12899999320507;29,556999206543;8,20100021362305;0,307766973972321;0,045513067394495;363,130310058594;0,00167760136537254;0,530515491962433;0,201955020427704;0,565714180469513;0,259271055459976;1,35481905937195;0,00121149385813624;31,9525394439697;9,05022430419922;0,355924844741821;0,341117024421692;1,23955905437469
"18";"Deception Bay T4";"Hudson Strait";15;1;5,5;0;2;5;23;70;0;NA;68,7;NA;NA;0;NA;NA;16,84;NA;NA;0;0;0;NA;0;NA;0;NA;NA;0;0;0;0,8;NA;0;NA;NA;NA;NA;NA;NA;NA;NA;NA;NA;NA;NA;NA;NA;NA;NA;NA;NA;NA;NA;85,54;0;68,7;0;30;100;0;5;2;23;70;-74,8609;62,2457;-74,875;62,2083333333333;0,00132200005464256;0,12899999320507;29,556999206543;8,20100021362305;0,307766973972321;0,045513067394495;363,130310058594;0,00167760136537254;0,530515491962433;0,201955020427704;0,565714180469513;0,259271055459976;1,35481905937195;0,00121149385813624;31,9525394439697;9,05022430419922;0,355924844741821;0,341117024421692;1,23955905437469
"19";"Deception Bay T5";"Hudson Strait";10;1;5,5;0;0;3;55,94;41,06;0;NA;18,6335714285714;NA;NA;33,21;NA;NA;10,71;NA;NA;0;0;0;NA;0;NA;0;NA;NA;0;0,4;0;0;NA;0;NA;NA;NA;NA;NA;NA;NA;NA;NA;NA;NA;NA;NA;NA;NA;NA;NA;NA;NA;NA;62,5535714285714;0;18,6335714285714;0;58,94;100;0;3;0;55,94;41,06;-74,6905;62,2567;-74,7083333333333;62,2916666666667;0,000508000026457012;0,129999995231628;29,4090003967285;8,20100021362305;0,30989134311676;0,0445473864674568;363,143768310547;0,00166769826319069;0,531494677066803;5,0659629778238e-05;0,576413989067078;0,240936726331711;1,36014127731323;0,00124566536396742;31,9741115570068;9,0070915222168;0,355203539133072;0,340478777885437;1,23092937469482
"20";"Deception Bay T5";"Hudson Strait";15;1;5,5;20,8;54,7;23,5;1;0;0;NA;0,2;NA;NA;30,51;NA;NA;1,07;NA;NA;0;22,65;0;NA;0;NA;0;NA;NA;0;0,2;0;0;NA;0;NA;NA;NA;NA;NA;NA;NA;NA;NA;NA;NA;NA;NA;NA;NA;NA;NA;NA;NA;NA;31,78;0;0,2;0;100;100;20,8;23,5;54,7;1;0;-74,6905;62,2567;-74,7083333333333;62,2916666666667;0,000508000026457012;0,129999995231628;29,4090003967285;8,20100021362305;0,30989134311676;0,0445473864674568;363,143768310547;0,00166769826319069;0,531494677066803;5,0659629778238e-05;0,576413989067078;0,240936726331711;1,36014127731323;0,00124566536396742;31,9741115570068;9,0070915222168;0,355203539133072;0,340478777885437;1,23092937469482
"21";"Deception Bay T6";"Hudson Strait";10;1;5,5;0;0;0;4;93,5;2,5;NA;48,53;NA;NA;3,77;NA;NA;0;NA;NA;4,67;0;0,5;NA;0;NA;9;NA;NA;0;5,3;0;0;NA;0;NA;NA;NA;NA;NA;NA;NA;NA;NA;NA;NA;NA;NA;NA;NA;NA;NA;NA;NA;NA;61,3;9;48,53;9;4;97,5;0;0;0;4,1374269005848;95,8625730994152;-74,7353;62,2022;-74,7083333333333;62,2083333333333;0,00136999995447695;0,130999997258186;29,556999206543;8,20100021362305;0,308725386857986;0,0406180843710899;363,119720458984;0,00168511888477951;0,531191468238831;0,00323936925269663;0,572925806045532;0,241360381245613;1,35911309719086;0,00124415091704577;31,971342086792;9,01377868652344;0,357210487127304;0,340410560369492;1,23011708259583
"22";"Deception Bay T6";"Hudson Strait";15;1;5,5;0;0;1;7,8;88,4;2,8;NA;2,2;NA;NA;69,02;NA;NA;0;NA;NA;0;0;0;NA;0;NA;0;NA;NA;0;0;0;0,8;NA;0;NA;NA;NA;NA;NA;NA;NA;NA;NA;NA;NA;NA;NA;NA;NA;NA;NA;NA;NA;NA;71,22;0;2,2;0;8,8;97,2;0;1,01010101010101;0;7,96368952684742;91,0262094630516;-74,7353;62,2022;-74,7083333333333;62,2083333333333;0,00136999995447695;0,130999997258186;29,556999206543;8,20100021362305;0,308725386857986;0,0406180843710899;363,119720458984;0,00168511888477951;0,531191468238831;0,00323936925269663;0,572925806045532;0,241360381245613;1,35911309719086;0,00124415091704577;31,971342086792;9,01377868652344;0,357210487127304;0,340410560369492;1,23011708259583
"23";"Duck Island";"Davis Strait";5;1;4,5;100;0;0;0;0;NA;0;0;0;0;0;0;0;54,875;NA;NA;0;9,5;0;NA;0;0;0;0;0;34,875;0;0;0;0;0;NA;NA;NA;NA;NA;NA;NA;NA;NA;NA;NA;NA;NA;NA;NA;NA;NA;NA;NA;NA;89,75;34,875;0;0;100;100;100;0;0;0;0;-64,341;60,2339;-64,375;60,2083333333333;0,00129499996546656;0,112000003457069;28,2019996643066;8,18900012969971;0,447414219379425;0,239939242601395;360,009216308594;0,00129651662427932;0,480505168437958;0,00012060662265867;1,44716668128967;-0,0853797122836113;2,06641054153442;0,00383262406103313;32,9457511901855;6,67252063751221;0,214343339204788;0,280176252126694;0,982856869697571
"24";"Duck Island";"Davis Strait";10;1;4,5;4,625;0;95,25;0;0;NA;0;9;0;0;39,5;0;0;21,5;NA;NA;0;0;0;NA;0;0;0;0;0;0;5;0;3,5;5;0;NA;NA;NA;NA;NA;NA;NA;NA;NA;NA;NA;NA;NA;NA;NA;NA;NA;NA;NA;NA;70;0;9;0;99,875;99,875;4,67171717171717;95,3282828282828;0;0;0;-64,341;60,2339;-64,375;60,2083333333333;0,00129499996546656;0,112000003457069;28,2019996643066;8,18900012969971;0,447414219379425;0,239939242601395;360,009216308594;0,00129651662427932;0,480505168437958;0,00012060662265867;1,44716668128967;-0,0853797122836113;2,06641054153442;0,00383262406103313;32,9457511901855;6,67252063751221;0,214343339204788;0,280176252126694;0,982856869697571
"25";"Duck Island";"Davis Strait";15;1;4,5;0;0;100;0;0;NA;0;26,25;0;0;55,25;0;0;1,5;NA;NA;0;0;0;NA;0;0;9;0;0;0;0;0;0;0;0;NA;NA;NA;NA;NA;NA;NA;NA;NA;NA;NA;NA;NA;NA;NA;NA;NA;NA;NA;NA;92;9;26,25;9;100;100;0;100;0;0;0;-64,341;60,2339;-64,375;60,2083333333333;0,00129499996546656;0,112000003457069;28,2019996643066;8,18900012969971;0,447414219379425;0,239939242601395;360,009216308594;0,00129651662427932;0,480505168437958;0,00012060662265867;1,44716668128967;-0,0853797122836113;2,06641054153442;0,00383262406103313;32,9457511901855;6,67252063751221;0,214343339204788;0,280176252126694;0,982856869697571
"26";"Durban Harbour";"Baffin Bay";5;1;5,5;2,5;97,5;0;0;0;NA;0;0;0;0;13,8;0,6;0;0;0;0;0;19,7727094683616;0;0;0;0;0;0;0;0;0;0;0;0;0;9,7;NA;NA;0;NA;0;NA;0;NA;NA;NA;0;NA;NA;NA;NA;NA;NA;NA;0;13,8;0;0;0;100;100;2,5;0;97,5;0;0;-62,167;67,0382;-62,2083333333333;67,0416666666667;0,000475000008009374;0,11599999666214;26,238000869751;8,21700000762939;0,380828589200974;0,0683747753500938;366,887054443359;0,00139019463676959;0,505385994911194;7,2665376663208;1,40166699886322;-0,628384947776794;1,74538731575012;0,00249813660047948;31,6213684082031;6,18078565597534;0,505686521530151;0,746394872665405;1,99808824062347
"27";"Durban Harbour";"Baffin Bay";10;1;5,5;1,5;98,5;0;0;0;NA;0;0;0;0;48,3;11,9;0;0;0;NA;0;8,529443825096;0;0;0;0;0;0;0;0;0;0;0;0;0;4,1;NA;NA;0;NA;0;NA;0;NA;NA;NA;0;NA;NA;NA;NA;NA;NA;NA;0;48,3;0;0;0;100;100;1,5;0;98,5;0;0;-62,167;67,0382;-62,2083333333333;67,0416666666667;0,000475000008009374;0,11599999666214;26,238000869751;8,21700000762939;0,380828589200974;0,0683747753500938;366,887054443359;0,00139019463676959;0,505385994911194;7,2665376663208;1,40166699886322;-0,628384947776794;1,74538731575012;0,00249813660047948;31,6213684082031;6,18078565597534;0,505686521530151;0,746394872665405;1,99808824062347
"28";"Durban Harbour";"Baffin Bay";15;1;5,5;40;50;10;0;0;NA;0;0;0;0;59,4;3,7;0;0;0;NA;0;19,7537172971956;0;0;0;0;0;0;0;0;0;0;0;0;0;0,4;NA;NA;0;NA;0;NA;0,5;NA;NA;NA;2,4;NA;NA;NA;NA;NA;NA;NA;0;59,4;0;0;0;100;100;40;10;50;0;0;-62,167;67,0382;-62,2083333333333;67,0416666666667;0,000475000008009374;0,11599999666214;26,238000869751;8,21700000762939;0,380828589200974;0,0683747753500938;366,887054443359;0,00139019463676959;0,505385994911194;7,2665376663208;1,40166699886322;-0,628384947776794;1,74538731575012;0,00249813660047948;31,6213684082031;6,18078565597534;0,505686521530151;0,746394872665405;1,99808824062347
"29";"East Bay";"Foxe Basin";10;0;4,5;0;0;0;1,25;98,75;0,625;0;2,5;1,25;0;0;0;0;0;0;0,125;4,375;0;0;0;0;0,125;2,5;0;0;0;0;0;0;0;0;0;0;0;0;0;0;0;0;0;0;0;1,875;0;0;0;0;0;0;0;NA;5;2,5;2,5;2,5;1,25;100;0;0;0;1,25;98,75;-81,0666;64,0293;-81,0416666666667;64,0416666666667;0,00122600002214313;0,096000000834465;27,7229995727539;8,20499992370605;0,358363598585129;0,00834843423217535;362,599182128906;0,00162215740419924;0,598757565021515;0,242795586585999;1,38828074932098;-0,531336188316345;1,55115926265717;0,00189309753477573;30,4758853912354;8,31547832489014;0,450833916664124;0,555821537971497;1,58850145339966
"30";"East Bay";"Foxe Basin";15;0;4,5;0;6,875;0,625;0;87,5;4,375;0,5;11,875;0;0;0;0;0,25;1,875;0;0;0;0;0;0,25;2,5;1;12,5;0,125;0;0;1,25;0;2,5;1,25;0;0;0;0;0;0;0;0;0;1,375;0;0;0;0,125;0;0;0;0;0;0;NA;26,25;12,5;11,875;12,5;7,5;95;0;0,657894736842105;7,13815789473684;0;92,2039473684211;-81,0666;64,0293;-81,0416666666667;64,0416666666667;0,00122600002214313;0,096000000834465;27,7229995727539;8,20499992370605;0,358363598585129;0,00834843423217535;362,599182128906;0,00162215740419924;0,598757565021515;0,242795586585999;1,38828074932098;-0,531336188316345;1,55115926265717;0,00189309753477573;30,4758853912354;8,31547832489014;0,450833916664124;0,555821537971497;1,58850145339966
"31";"Iceberg Point";"North Baffin Island";5;1;4,5;7,5;34,375;54,375;0;3,75;NA;NA;0;NA;0;0;NA;0;0;NA;NA;0;18,75;0;0;0;0;0;0;0;0;0;0;0;NA;0;37,125;NA;NA;NA;NA;NA;NA;NA;NA;NA;NA;NA;NA;NA;NA;NA;NA;NA;NA;NA;0;0;0;0;96,25;100;7,5;54,375;34,375;0;3,75;-79,8529;72,4573;-79,875;72,4583333333333;0,000618999998550862;0,115000002086163;43,2050018310547;8,21100044250488;0,341066926717758;0,024673143401742;378,188934326172;0,00325987418182194;0,54749321937561;0,210756927728653;1,86741530895233;-1,17027735710144;1,42301225662231;0,00178514199797064;32,1441116333008;7,62370109558105;0,478283882141113;0,714498281478882;1,7776837348938
"32";"Iceberg Point";"North Baffin Island";10;1;4,5;6,25;0;72,5;0;8,75;NA;0;0;0;2,625;22,5;0,25;0;0;NA;NA;0;41,84375;0;NA;0;0;0;0;0;0;0;0;0;0;0;2,625;NA;NA;0;NA;0;NA;0;NA;NA;NA;0;NA;NA;NA;NA;NA;NA;NA;0;22,5;0;0;0;78,75;87,5;6,25;72,5;0;0;8,75;-79,8529;72,4573;-79,875;72,4583333333333;0,000618999998550862;0,115000002086163;43,2050018310547;8,21100044250488;0,341066926717758;0,024673143401742;378,188934326172;0,00325987418182194;0,54749321937561;0,210756927728653;1,86741530895233;-1,17027735710144;1,42301225662231;0,00178514199797064;32,1441116333008;7,62370109558105;0,478283882141113;0,714498281478882;1,7776837348938
"33";"Iqualuit T1";"Davis Strait";5;1;7;0;0;0;0;65,3846153846154;0;NA;11,5384615384615;NA;NA;0;NA;NA;0;NA;NA;0;0;21,1538461538462;NA;0;NA;0;NA;NA;0;0,384615384615385;0;0;NA;1,53846153846154;NA;NA;NA;NA;NA;NA;NA;NA;NA;NA;NA;0;NA;NA;NA;NA;NA;NA;NA;NA;11,5384615384615;0;11,5384615384615;0;0;65,3846153846154;0;0;0;0;92,3076923076923;-68,5167;63,7358;-68,5416666666667;63,7083333333333;0,000805000017862767;0,171000003814697;26,2609996795654;8,19799995422363;0,474292516708374;0,00426701083779335;353,834045410156;0,00363899837248027;0,379122495651245;2,11446661069203e-07;1,01775968074799;-0,974986672401428;2,19381475448608;0,00395457679405808;32,1771621704102;6,46430683135986;0,194734498858452;0,242299810051918;0,811930239200592
"34";"Iqualuit T1";"Davis Strait";10;1;5,5;0;0;0;0;98;0;NA;0;NA;NA;0;NA;NA;0;NA;NA;0;0;0,5;NA;0;NA;0;NA;NA;0;1,5;0;0;NA;0;NA;NA;NA;NA;NA;NA;NA;NA;NA;NA;NA;0;NA;NA;NA;NA;NA;NA;NA;NA;0;0;0;0;0;98;0;0;0;0;100;-68,5167;63,7358;-68,5416666666667;63,7083333333333;0,000805000017862767;0,171000003814697;26,2609996795654;8,19799995422363;0,474292516708374;0,00426701083779335;353,834045410156;0,00363899837248027;0,379122495651245;2,11446661069203e-07;1,01775968074799;-0,974986672401428;2,19381475448608;0,00395457679405808;32,1771621704102;6,46430683135986;0,194734498858452;0,242299810051918;0,811930239200592
"35";"Iqualuit T2";"Davis Strait";5;1;7;0;0;0;0;96,1538461538462;0;NA;3,84615384615385;NA;NA;0;NA;NA;0;NA;NA;0;0;0;NA;0;NA;0;NA;NA;0;0;0;0;NA;0;NA;NA;NA;NA;NA;NA;NA;NA;NA;NA;NA;0;NA;NA;NA;NA;NA;NA;NA;NA;3,84615384615385;0;3,84615384615385;0;0;96,1538461538462;0;0;0;0;100;-68,4717;63,7247;-68,4583333333333;63,7083333333333;0,0007259999983944;0,159999996423721;29,8290004730225;8,19799995422363;0,47293409705162;0,00450706202536821;353,933563232422;0,00357665936462581;0,381874680519104;1,56365520531665e-09;1,02627813816071;-0,966577172279358;2,18168616294861;0,00389479240402579;32,1791114807129;6,42477989196777;0,198795214295387;0,242241472005844;0,817260086536407
"36";"Iqualuit T2";"Davis Strait";10;1;7;0;0;0;0;30,3846153846154;0;NA;29,2307692307692;NA;NA;21,9230769230769;NA;NA;1,15384615384615;NA;NA;0;0;0,384615384615385;NA;0;NA;12,3076923076923;NA;NA;0;3,84615384615385;3,84615384615385;0;NA;0;NA;NA;NA;NA;NA;NA;NA;NA;NA;NA;NA;0;NA;NA;NA;NA;NA;NA;NA;NA;64,6153846153846;12,3076923076923;29,2307692307692;12,3076923076923;0;30,3846153846154;0;0;0;0;84,6153846153846;-68,4717;63,7247;-68,4583333333333;63,7083333333333;0,0007259999983944;0,159999996423721;29,8290004730225;8,19799995422363;0,47293409705162;0,00450706202536821;353,933563232422;0,00357665936462581;0,381874680519104;1,56365520531665e-09;1,02627813816071;-0,966577172279358;2,18168616294861;0,00389479240402579;32,1791114807129;6,42477989196777;0,198795214295387;0,242241472005844;0,817260086536407
"37";"Iqualuit T3";"Davis Strait";5;1;6;0;0;1,81818181818182;12,2727272727273;1,09090909090909;0;NA;76,0909090909091;NA;NA;4,09090909090909;NA;NA;0;NA;NA;0;0;0;NA;0;NA;0;NA;NA;0;4,36363636363636;4,36363636363636;0;NA;0;NA;NA;NA;NA;NA;NA;NA;NA;NA;NA;NA;0;NA;NA;NA;NA;NA;NA;NA;NA;80,1818181818182;0;76,0909090909091;0;14,0909090909091;15,1818181818182;0;3,03030303030303;0;56,2424242424242;4,36363636363636;-68,4869;63,7167;-68,4583333333333;63,7083333333333;0,0007259999983944;0,159999996423721;29,8290004730225;8,19799995422363;0,47293409705162;0,00450706202536821;353,933563232422;0,00357665936462581;0,381874680519104;1,56365520531665e-09;1,02627813816071;-0,966577172279358;2,18168616294861;0,00389479240402579;32,1791114807129;6,42477989196777;0,198795214295387;0,242241472005844;0,817260086536407
"38";"Iqualuit T4";"Davis Strait";10;1;6,5;0;0;0;0,75;67,4166666666667;0;NA;22,5;NA;NA;0;NA;NA;6,41666666666667;NA;NA;0;0;0;NA;0;NA;2,08333333333333;NA;NA;0;0;0;0;NA;0;NA;NA;NA;NA;NA;NA;NA;NA;NA;NA;NA;0;NA;NA;NA;NA;NA;NA;NA;NA;31;2,08333333333333;22,5;2,08333333333333;0,75;68,1666666666667;0;0;0;8,88888888888889;91,1111111111111;-68,4869;63,7167;-68,4583333333333;63,7083333333333;0,0007259999983944;0,159999996423721;29,8290004730225;8,19799995422363;0,47293409705162;0,00450706202536821;353,933563232422;0,00357665936462581;0,381874680519104;1,56365520531665e-09;1,02627813816071;-0,966577172279358;2,18168616294861;0,00389479240402579;32,1791114807129;6,42477989196777;0,198795214295387;0,242241472005844;0,817260086536407
"39";"Iqualuit T5";"Davis Strait";15;1;6,5;0;0;0;0;42,6666666666667;0;NA;35,3333333333333;NA;NA;32;NA;NA;0;NA;NA;0;0;0;NA;0;NA;6,66666666666667;NA;NA;0;0;0;0;NA;0;NA;NA;NA;NA;NA;NA;NA;NA;NA;NA;NA;0;NA;NA;NA;NA;NA;NA;NA;NA;74;6,66666666666667;35,3333333333333;6,66666666666667;0;42,6666666666667;0;0;0;0;100;-68,5131;63,7117;-68,5416666666667;63,7083333333333;0,000805000017862767;0,171000003814697;26,2609996795654;8,19799995422363;0,474292516708374;0,00426701083779335;353,834045410156;0,00363899837248027;0,379122495651245;2,11446661069203e-07;1,01775968074799;-0,974986672401428;2,19381475448608;0,00395457679405808;32,1771621704102;6,46430683135986;0,194734498858452;0,242299810051918;0,811930239200592
"40";"Makkovik";"Labrador Sea";10;25;4,5;100;0;0;0;0;0;0;0;0;0;42,875;0;NA;0;0;0;0;82,5;0;0;0;0;0;0;0;0;1;0;0;1;0;2,625;NA;NA;NA;NA;NA;NA;NA;NA;NA;NA;NA;NA;NA;NA;NA;NA;NA;NA;0;42,875;0;0;0;100;100;100;0;0;0;0;-59,175;55,088;-59,2083333333333;55,125;0,000427999999374151;0,178000003099442;31,8190002441406;8,1560001373291;0,617295384407043;0,290374547243118;350,244201660156;0,00147174252197146;0,464875251054764;0,0289175547659397;2,1201331615448;1,4544506072998;3,00735759735107;0,00623163487762213;32,6823959350586;6,11118698120117;0,194177657365799;0,175008520483971;0,692385017871857
"41";"Mussel Point";"Labrador Sea";10;25;5;0;5,55555555555556;63,5555555555556;0;30,8888888888889;0;0;0;0;0;0;0;NA;0;0;0;0;100;0;0;0;0;0;0;0;0;0;0;0;0;0;8,88888888888889;NA;NA;NA;NA;NA;NA;NA;NA;NA;NA;NA;NA;NA;NA;NA;NA;NA;NA;NA;0;0;0;0;69,1111111111111;100;0;63,5555555555556;5,55555555555556;0;30,8888888888889;-59,196;55,102;-59,2083333333333;55,125;0,000427999999374151;0,178000003099442;31,8190002441406;8,1560001373291;0,617295384407043;0,290374547243118;350,244201660156;0,00147174252197146;0,464875251054764;0,0289175547659397;2,1201331615448;1,4544506072998;3,00735759735107;0,00623163487762213;32,6823959350586;6,11118698120117;0,194177657365799;0,175008520483971;0,692385017871857
"42";"Narwhal Cove";"North Baffin Island";5;1;4,5;31,25;43,75;12,5;0;0;NA;0;0;0;7,5;68,75;2,75;0;0;NA;NA;0;18,40625;0;NA;0;0;0;0;0;0;3,75;3,75;0;0;0;7,5;NA;NA;0,375;NA;0,125;NA;0;NA;NA;NA;0;NA;NA;NA;NA;NA;NA;NA;0;68,75;0;0;0;87,5;87,5;31,25;12,5;43,75;0;0;-77,4352;72,7685;-77,4583333333333;72,7916666666667;0,00173300004098564;0,0970000028610229;33,1139984130859;8,21199989318848;0,447031378746033;0,165706112980843;378,650604248047;0,00229323748499155;0,549994826316833;2,11027140936532e-40;1,83984291553497;-0,979547202587128;1,93051075935364;0,00293588312342763;32,2621040344238;7,80668497085571;0,393953710794449;0,630655884742737;1,92048537731171
"43";"Narwhal Cove";"North Baffin Island";10;1;4;100;0;0;0;0;NA;0;0;0;4,71428571428571;64,2857142857143;0,714285714285714;0;0;NA;NA;0;35,7142857142857;0;NA;0;0;0;0;0;0;0;0;0;0;0;4,71428571428571;NA;NA;0;NA;0;NA;0;NA;NA;NA;0;NA;NA;NA;NA;NA;NA;NA;0;64,2857142857143;0;0;0;100;100;100;0;0;0;0;-77,4352;72,7685;-77,4583333333333;72,7916666666667;0,00173300004098564;0,0970000028610229;33,1139984130859;8,21199989318848;0,447031378746033;0,165706112980843;378,650604248047;0,00229323748499155;0,549994826316833;2,11027140936532e-40;1,83984291553497;-0,979547202587128;1,93051075935364;0,00293588312342763;32,2621040344238;7,80668497085571;0,393953710794449;0,630655884742737;1,92048537731171
"44";"Pangnirtung 1";"Davis Strait";5;1;2;0;50;0;0;50;NA;0;83,3333333333333;0;0;0;0;0;8,66666666666667;NA;NA;0;0;0;NA;0;0;0;0;0;0;0;0;0;0;0;NA;NA;NA;NA;NA;NA;NA;NA;NA;NA;NA;NA;NA;NA;NA;NA;NA;NA;NA;NA;92;0;83,3333333333333;0;50;100;0;0;50;0;50;-65,9917;66,1067;-65,9583333333333;66,125;0,000663999991957098;0,118000000715256;31,8969993591309;8,20800018310547;0,306993186473846;0,01303924433887;359,056976318359;0,00191453262232244;0,42859011888504;3,01855016004993e-05;0,684302866458893;-0,151909112930298;1,45497727394104;0,00173530483152717;31,3303050994873;4,83922958374023;0,287478357553482;0,298758059740067;1,0313116312027
"45";"Pangnirtung 1";"Davis Strait";10;1;1,5;0;10;90;0;0;NA;0;85;0;0;0;0;0;7,5;NA;NA;0;0;0;NA;0;0;0;0;0;0;0;0;0;0;0;NA;NA;NA;NA;NA;NA;NA;NA;NA;NA;NA;NA;NA;NA;NA;NA;NA;NA;NA;NA;92,5;0;85;0;100;100;0;90;10;0;0;-65,9917;66,1067;-65,9583333333333;66,125;0,000663999991957098;0,118000000715256;31,8969993591309;8,20800018310547;0,306993186473846;0,01303924433887;359,056976318359;0,00191453262232244;0,42859011888504;3,01855016004993e-05;0,684302866458893;-0,151909112930298;1,45497727394104;0,00173530483152717;31,3303050994873;4,83922958374023;0,287478357553482;0,298758059740067;1,0313116312027
"46";"Pangnirtung 1";"Davis Strait";15;1;2;0;6,66666666666667;93,3333333333333;0;0;NA;0;51,6666666666667;0;0;0;0;0;48,3333333333333;NA;NA;0;0;0;NA;0;0;0;0;0;0;0;0;0;0;0;NA;NA;NA;NA;NA;NA;NA;NA;NA;NA;NA;NA;NA;NA;NA;NA;NA;NA;NA;NA;100;0;51,6666666666667;0;100;100;0;93,3333333333333;6,66666666666667;0;0;-65,9917;66,1067;-65,9583333333333;66,125;0,000663999991957098;0,118000000715256;31,8969993591309;8,20800018310547;0,306993186473846;0,01303924433887;359,056976318359;0,00191453262232244;0,42859011888504;3,01855016004993e-05;0,684302866458893;-0,151909112930298;1,45497727394104;0,00173530483152717;31,3303050994873;4,83922958374023;0,287478357553482;0,298758059740067;1,0313116312027
"47";"Pangnirtung 2";"Davis Strait";5;1;2;53,3333333333333;0;5;0;41,6666666666667;0;0;0;0;0;0;0;0;77,3333333333333;NA;NA;0;0;0;NA;0;NA;0;NA;NA;0;0;0;0;NA;0;NA;NA;NA;NA;NA;NA;NA;NA;NA;NA;NA;NA;NA;NA;NA;NA;NA;NA;NA;NA;77,3333333333333;0;0;0;58,3333333333333;100;53,3333333333333;5;0;0;41,6666666666667;-67,9917;66,266;-67,9583333333333;66,2916666666667;0,000144999998155981;0,108999997377396;26,3859996795654;8,20400047302246;0,386975347995758;0,0084635941311717;356,659210205078;0,00293837860226631;0,404592484235764;16,9236087799072;0,734880983829498;-0,480088829994202;1,89810287952423;0,00328839337453246;31,2724990844727;5,06848526000977;0,272419422864914;0,302631765604019;1,02026093006134
"48";"Pangnirtung 2";"Davis Strait";10;1;4,5;0;10;10;0;80;0;0;100;0;0;0;0;0;0;NA;NA;0;0;0;NA;0;NA;0;NA;NA;0;0;0;0;NA;0;NA;NA;NA;NA;NA;NA;NA;NA;NA;NA;NA;NA;NA;NA;NA;NA;NA;NA;NA;NA;100;0;100;0;20;100;0;10;10;0;80;-67,9917;66,266;-67,9583333333333;66,2916666666667;0,000144999998155981;0,108999997377396;26,3859996795654;8,20400047302246;0,386975347995758;0,0084635941311717;356,659210205078;0,00293837860226631;0,404592484235764;16,9236087799072;0,734880983829498;-0,480088829994202;1,89810287952423;0,00328839337453246;31,2724990844727;5,06848526000977;0,272419422864914;0,302631765604019;1,02026093006134
"49";"Pangnirtung 2";"Davis Strait";15;1;2,5;0;1,75;2,25;0;91,5;4,5;0;27;0;0;32,75;0;0;0;NA;NA;0;0;0;NA;0;NA;0;NA;NA;0;0;0;0;NA;0;NA;NA;NA;NA;NA;NA;NA;NA;NA;NA;NA;NA;NA;NA;NA;NA;NA;NA;NA;NA;59,75;0;27;0;4;95,5;0;2,35248958104848;1,83211961206165;0;95,8153908068899;-67,9917;66,266;-67,9583333333333;66,2916666666667;0,000144999998155981;0,108999997377396;26,3859996795654;8,20400047302246;0,386975347995758;0,0084635941311717;356,659210205078;0,00293837860226631;0,404592484235764;16,9236087799072;0,734880983829498;-0,480088829994202;1,89810287952423;0,00328839337453246;31,2724990844727;5,06848526000977;0,272419422864914;0,302631765604019;1,02026093006134
"50";"Pooh Corner";"North Baffin Island";5;1;4,5;13,75;55;31,25;0;0;NA;0;0;0;6;66,875;0,25;0;0;NA;NA;0;22,75;0;NA;0;0;0;0;0;0;0;0;0;0;0;6;NA;NA;0;NA;0;NA;0;NA;NA;NA;0;NA;NA;NA;NA;NA;NA;NA;0;66,875;0;0;0;100;100;13,75;31,25;55;0;0;-78,9038;72,351;-78,875;72,375;0,000837000028695911;0,0890000015497208;33,1520004272461;8,21199989318848;0,380421340465546;0,0443208292126656;378,719970703125;0,00310180219821632;0,538134634494781;1,41899852978966e-10;1,73508214950562;-1,14864063262939;1,66124796867371;0,00245297700166702;32,1480865478516;7,4743013381958;0,464956760406494;0,682194232940674;1,86380124092102
"51";"Pooh Corner";"North Baffin Island";10;1;4;0;41,4285714285714;39,2857142857143;0;19,2857142857143;NA;NA;0;NA;1,85714285714286;31,4285714285714;1;0;0;NA;NA;0;55;0;0;0;0;0;0;0;0;0;0;0;NA;0;7,14285714285714;NA;NA;NA;NA;NA;NA;NA;NA;NA;NA;NA;NA;NA;NA;NA;NA;NA;NA;NA;31,4285714285714;0;0;0;80,7142857142857;100;0;39,2857142857143;41,4285714285714;0;19,2857142857143;-78,9038;72,351;-78,875;72,375;0,000837000028695911;0,0890000015497208;33,1520004272461;8,21199989318848;0,380421340465546;0,0443208292126656;378,719970703125;0,00310180219821632;0,538134634494781;1,41899852978966e-10;1,73508214950562;-1,14864063262939;1,66124796867371;0,00245297700166702;32,1480865478516;7,4743013381958;0,464956760406494;0,682194232940674;1,86380124092102
"52";"Qik";"Baffin Bay";5;1;5,5;82,5;0;0;0;17,5;NA;0;52,8;0;0;0;0;0;0;0;0;0;0;1;0;0;0;13,2;0;0;0;31,5;0;0;0;0;0;0;NA;0;0;0;0;0;0;NA;NA;0;0;NA;NA;NA;NA;NA;NA;66;66;13,2;52,8;13,2;82,5;100;82,5;0;0;0;17,5;-64,0728;67,5616;-64,0416666666667;67,5416666666667;0,000418000010540709;0,0970000028610229;26,1849994659424;8,21500015258789;0,36183625459671;0,0394700579345226;367,356292724609;0,00149092660285532;0,504405915737152;0,188078984618187;1,36795139312744;-0,63794881105423;1,6454975605011;0,00220986292697489;31,3021125793457;6,17321681976318;0,483848869800568;0,761731266975403;2,00007605552673
"53";"Qik";"Baffin Bay";10;1;5,5;0;0;0;0;100;NA;0;3,2;0;0;0;0;0;0;0;0;0;0;0,5;0;0;0;0,8;0;0;0;75,5;0;0;0;0;0;0;0;0;NA;0;NA;0;NA;0;NA;0;NA;0;NA;NA;NA;NA;NA;4;4;0,8;3,2;0,8;0;100;0;0;0;0;100;-64,0728;67,5616;-64,0416666666667;67,5416666666667;0,000418000010540709;0,0970000028610229;26,1849994659424;8,21500015258789;0,36183625459671;0,0394700579345226;367,356292724609;0,00149092660285532;0,504405915737152;0,188078984618187;1,36795139312744;-0,63794881105423;1,6454975605011;0,00220986292697489;31,3021125793457;6,17321681976318;0,483848869800568;0,761731266975403;2,00007605552673
"54";"Qik";"Baffin Bay";15;1;5,5;0;18,5;0;0;81,5;NA;0;0,4;0;0;34;0;0;0;0;0;0;0;0;0;0;0;0,1;0;0;0;13;0;0;0;0;0,4;0,428571428571429;1,66666666666667;0;0;0;0;0;0;0;NA;11,6666666666667;12,5;14,3333333333333;NA;NA;NA;NA;NA;0,5;34,5;0,1;0,4;0,1;18,5;100;0;0;18,5;0;81,5;-64,0728;67,5616;-64,0416666666667;67,5416666666667;0,000418000010540709;0,0970000028610229;26,1849994659424;8,21500015258789;0,36183625459671;0,0394700579345226;367,356292724609;0,00149092660285532;0,504405915737152;0,188078984618187;1,36795139312744;-0,63794881105423;1,6454975605011;0,00220986292697489;31,3021125793457;6,17321681976318;0,483848869800568;0,761731266975403;2,00007605552673
"55";"Rocks near Durban";"Baffin Bay";5;1;5,5;100;0;0;0;0;NA;0;0,4;0;0;40;0;0;3;0;0;0;37,0680985680986;0;0;0;0;0,1;0;0;0;0;0;0;0;0;3,9;NA;NA;NA;NA;NA;NA;NA;NA;NA;NA;NA;NA;NA;NA;NA;NA;NA;NA;0,5;43,5;0,1;0,4;0,1;100;100;100;0;0;0;0;-62,214;67,0392;-62,2083333333333;67,0416666666667;0,000475000008009374;0,11599999666214;26,238000869751;8,21700000762939;0,380828589200974;0,0683747753500938;366,887054443359;0,00139019463676959;0,505385994911194;7,2665376663208;1,40166699886322;-0,628384947776794;1,74538731575012;0,00249813660047948;31,6213684082031;6,18078565597534;0,505686521530151;0,746394872665405;1,99808824062347
"56";"Rocks near Durban";"Baffin Bay";10;1;5,5;0;56;44;0;0;NA;0;30,4;0;0;32,5;0;0;2;0;0;0;8,289785729145;0;0;0;0;7,6;0;0;0;0,526315789473684;0;0;0;0;0,4;NA;NA;NA;NA;NA;NA;NA;NA;NA;NA;NA;NA;NA;NA;NA;NA;NA;NA;38;72,5;7,6;30,4;7,6;100;100;0;44;56;0;0;-62,214;67,0392;-62,2083333333333;67,0416666666667;0,000475000008009374;0,11599999666214;26,238000869751;8,21700000762939;0,380828589200974;0,0683747753500938;366,887054443359;0,00139019463676959;0,505385994911194;7,2665376663208;1,40166699886322;-0,628384947776794;1,74538731575012;0,00249813660047948;31,6213684082031;6,18078565597534;0,505686521530151;0,746394872665405;1,99808824062347
"57";"Rocks near Durban";"Baffin Bay";15;1;5,5;0;100;0;0;0,6;NA;0;57,6;0;0;19,5;0;0;0;0;0;0;0;0;0;0;0;14,4;0;0;0;4,5;0;0;0;0;0;NA;NA;NA;NA;NA;NA;NA;NA;NA;NA;NA;NA;NA;NA;NA;NA;NA;NA;72;91,5;14,4;57,6;14,4;100;100,6;0;0;99,413649531715;0;0,586350468284978;-62,214;67,0392;-62,2083333333333;67,0416666666667;0,000475000008009374;0,11599999666214;26,238000869751;8,21700000762939;0,380828589200974;0,0683747753500938;366,887054443359;0,00139019463676959;0,505385994911194;7,2665376663208;1,40166699886322;-0,628384947776794;1,74538731575012;0,00249813660047948;31,6213684082031;6,18078565597534;0,505686521530151;0,746394872665405;1,99808824062347
"58";"S. of Qik";"Baffin Bay";5;1;5,5;100;0;0;0;0;NA;0;42,8;0;0;8;0;0;0;0;0;0;2,63157894736842;3,5;0;0;0,555555555555556;10,7;0;0;0;22,1;0;0;0;0;0;0;0;0;0;0;NA;0;NA;0;NA;0;NA;0;NA;0;NA;NA;NA;53,5;61,5;10,7;42,8;10,7;100;100;100;0;0;0;0;-64,062;67,5222;-64,0416666666667;67,5416666666667;0,000418000010540709;0,0970000028610229;26,1849994659424;8,21500015258789;0,36183625459671;0,0394700579345226;367,356292724609;0,00149092660285532;0,504405915737152;0,188078984618187;1,36795139312744;-0,63794881105423;1,6454975605011;0,00220986292697489;31,3021125793457;6,17321681976318;0,483848869800568;0,761731266975403;2,00007605552673
"59";"S. of Qik";"Baffin Bay";10;1;5,5;23;29,5;0;0;47,5;NA;0;32;0;0;9,5;0;0;0;0;0;2,5;2,02631578947368;7;0;0;0;8;0;0;0;13,5;0;0;0;0;0;0;0;0;NA;0;0;0;0;0;0;0;NA;0;0;NA;NA;NA;NA;40;49,5;8;32;8;52,5;100;23;0;29,5;0;47,5;-64,062;67,5222;-64,0416666666667;67,5416666666667;0,000418000010540709;0,0970000028610229;26,1849994659424;8,21500015258789;0,36183625459671;0,0394700579345226;367,356292724609;0,00149092660285532;0,504405915737152;0,188078984618187;1,36795139312744;-0,63794881105423;1,6454975605011;0,00220986292697489;31,3021125793457;6,17321681976318;0,483848869800568;0,761731266975403;2,00007605552673
"60";"S. of Qik";"Baffin Bay";15;1;5,5;0;0;0;0;100;NA;0;0,8;0;0;0;0;0;0;0;0;0;0;0,62;0;0;0;0,2;0;0;0;40;0;0;0;0;0;0;0;0;0;0;0;0;0;0;NA;0,5;0;0;NA;NA;NA;NA;NA;1;1;0,2;0,8;0,2;0;100;0;0;0;0;100;-64,062;67,5222;-64,0416666666667;67,5416666666667;0,000418000010540709;0,0970000028610229;26,1849994659424;8,21500015258789;0,36183625459671;0,0394700579345226;367,356292724609;0,00149092660285532;0,504405915737152;0,188078984618187;1,36795139312744;-0,63794881105423;1,6454975605011;0,00220986292697489;31,3021125793457;6,17321681976318;0,483848869800568;0,761731266975403;2,00007605552673
"61";"Sheaties Cabin";"North Baffin Island";5;1;4,5;2,5;28,75;62,5;0;6,25;NA;0;0;0;1,75;16,875;0;0;0;0;0;0;55,5;0;0;0;NA;0;0;0;0;0;0;0;0;0;9,375;NA;NA;NA;NA;NA;NA;NA;NA;NA;NA;NA;NA;NA;NA;NA;NA;NA;NA;NA;16,875;0;0;0;93,75;100;2,5;62,5;28,75;0;6,25;-79,833;72,4651;-79,7916666666667;72,4583333333333;0,00109100004192442;0,0939999967813492;43,2050018310547;8,21100044250488;0,343321442604065;0,0224314834922552;378,217926025391;0,00324943289160728;0,546604037284851;14,8373193740845;1,85684192180634;-1,16438245773315;1,43574368953705;0,00181777542456985;32,1611976623535;7,60559225082397;0,475137561559677;0,713830173015594;1,78829514980316
"62";"Sheaties Cabin";"North Baffin Island";10;1;4,5;18,125;9,375;43,75;0;28,75;NA;0;0;0;2;36,875;0;0;0;0;0;0;31,5625;0;0;0;NA;0;0;0;0;0;0;0;0;0;7,75;NA;NA;NA;NA;NA;NA;NA;NA;NA;NA;NA;NA;NA;NA;NA;NA;NA;NA;NA;36,875;0;0;0;71,25;100;18,125;43,75;9,375;0;28,75;-79,833;72,4651;-79,7916666666667;72,4583333333333;0,00109100004192442;0,0939999967813492;43,2050018310547;8,21100044250488;0,343321442604065;0,0224314834922552;378,217926025391;0,00324943289160728;0,546604037284851;14,8373193740845;1,85684192180634;-1,16438245773315;1,43574368953705;0,00181777542456985;32,1611976623535;7,60559225082397;0,475137561559677;0,713830173015594;1,78829514980316
"63";"Station 10";"Roes Welcome Sound";10;0;4,5;0;48,75;31,25;2,5;15;0;0,75;13,75;0;0;0;0;0;0;0;0,25;15;0,625;0,125;1,125;3,25;1,875;0;0;0;0;28,75;0;0;0;0;0;0;0;0;0;0;0;0;0;0;0;0;0;0;0;0;0;0;0;NA;13,75;0;13,75;0;82,5;97,5;0;33,125;49,375;2,5;15;-86,2461;64,974;-86,2083333333333;64,9583333333333;0,00366799999028444;0,0970000028610229;28,2900009155273;8,20600032806396;0,362646996974945;0,0119534721598029;355,884521484375;0,00266803195700049;0,6160649061203;14,4482851028442;0,875501751899719;0,0018537025898695;1,62596154212952;0,00196590204723179;28,1222839355469;8,32053470611572;0,349599629640579;0,352985233068466;1,17851758003235
"64";"Station 10";"Roes Welcome Sound";15;0;4,5;0;0;63,75;12,5;11,25;0;2,875;51,875;0;0;0;0;0;0;0;0;6,25;0;0;0;0;0,5;1,25;0;0;0;1,625;0;0;1,625;0;0;0;0;0;0;0;0;0;0;0;0;0;0;0;0;0;0;0;0;NA;53,125;1,25;51,875;1,25;76,25;87,5;0;63,75;0;12,5;11,25;-86,2461;64,974;-86,2083333333333;64,9583333333333;0,00366799999028444;0,0970000028610229;28,2900009155273;8,20600032806396;0,362646996974945;0,0119534721598029;355,884521484375;0,00266803195700049;0,6160649061203;14,4482851028442;0,875501751899719;0,0018537025898695;1,62596154212952;0,00196590204723179;28,1222839355469;8,32053470611572;0,349599629640579;0,352985233068466;1,17851758003235
"65";"Station 12";"Roes Welcome Sound";10;0;4,5;93,75;6,25;0;0;0;0;0,375;10;0;0;0;0;0,625;20;7,5;0,125;1,25;0;0;0,125;14,375;0;0;0;0;0;36,25;31,875;0;0;0;0;0;0;0;0;0;0;0;0;0;0;0;0;0;0;0;0;0;0;NA;30;0;10;0;100;100;93,75;0;6,25;0;0;-85,6153;65,9092;-85,625;65,875;0,00100599997676909;0,149000003933907;21,632999420166;8,20699977874756;0,310413092374802;0,0139539884403348;354,635528564453;0,00253425119444728;0,619531214237213;0,299296021461487;1,21211552619934;-0,811690986156464;1,45200943946838;0,0017918610246852;27,7395629882812;9,05091857910156;0,399251073598862;0,432007938623428;1,30509769916534
"66";"Station 12";"Roes Welcome Sound";15;0;2,5;0;33,75;61,25;0;5;0;1;38,75;0;0;0;0;0,75;35;0;0;0;37,5;0;0;0;0,25;12,5;0;0;0;13,75;0;0;13,75;0;0;0;0,25;0;0;0,5;0,75;1,25;0;0;0;0;0;0;0;0;0;0;0;NA;86,25;12,5;38,75;12,5;95;100;0;61,25;33,75;0;5;-85,6153;65,9092;-85,625;65,875;0,00100599997676909;0,149000003933907;21,632999420166;8,20699977874756;0,310413092374802;0,0139539884403348;354,635528564453;0,00253425119444728;0,619531214237213;0,299296021461487;1,21211552619934;-0,811690986156464;1,45200943946838;0,0017918610246852;27,7395629882812;9,05091857910156;0,399251073598862;0,432007938623428;1,30509769916534
"67";"Station 13";"Roes Welcome Sound";10;0;4,5;7,5;20;1,875;7,5;63,125;0;2,5;48,125;0;0,125;1,25;0;0,375;4,375;0;0;0;2,5;1,875;0;0;0,625;6,875;0,875;0;0;11,25;0;0;8,75;0;0;0;0;0;0;0,125;0;0;0,625;0,25;0,125;0;0,25;0;0;0;0;0;0;NA;60,625;6,875;48,125;6,875;36,875;100;7,5;1,875;20;7,5;63,125;-86,1737;66,2501;-86,2083333333333;66,2916666666667;0,000571999989915639;0,105999998748302;23,7509994506836;8,20699977874756;0,299320787191391;0,0166702959686518;353,421905517578;0,00268135708756745;0,618255436420441;0,00179213040973991;1,20614373683929;-0,866251111030579;1,44241881370544;0,00183053757064044;28,2562866210938;9,07441711425781;0,40364083647728;0,433612585067749;1,35655248165131
"68";"Station 13";"Roes Welcome Sound";15;0;4,5;0;4,375;0;6,875;88,75;0;1;24,375;0,125;0;0;0;0;0,625;0,375;0;0;0;0;0;0;0;0;0;0;0;1,25;0;0;0;0;0;0;0;0;0;0;0;0;1,75;0,25;0,625;0,625;0;0;0;0;0;0;0;NA;25;0;24,375;0;11,25;100;0;0;4,375;6,875;88,75;-86,1737;66,2501;-86,2083333333333;66,2916666666667;0,000571999989915639;0,105999998748302;23,7509994506836;8,20699977874756;0,299320787191391;0,0166702959686518;353,421905517578;0,00268135708756745;0,618255436420441;0,00179213040973991;1,20614373683929;-0,866251111030579;1,44241881370544;0,00183053757064044;28,2562866210938;9,07441711425781;0,40364083647728;0,433612585067749;1,35655248165131
"69";"Station 14";"Foxe Basin";10;0;2,5;70;7,5;3,75;2,5;16,25;0;0,25;5;0;0;0;0;0,25;22,5;0;0;0;3,75;0;0;0;1;40;5,5;0;0;7,5;0;3,75;7,5;0;0;0,75;0,5;0,25;0;0;0;0,5;0,75;0;0;0;0,5;7,5;6,25;0;0;0;0;NA;67,5;40;5;40;83,75;100;70;3,75;7,5;2,5;16,25;-84,7338;65,934;-84,7083333333333;65,9583333333333;0,000708999985363334;0,0820000022649765;23,7670001983643;8,20600032806396;0,29567688703537;0,00998958386480808;357,804504394531;0,00260494789108634;0,598280072212219;5,32900287453231e-07;1,12180936336517;-0,985670864582062;1,39672911167145;0,00179725920315832;27,2596969604492;8,74449443817139;0,413051456212997;0,479997009038925;1,3445485830307
"70";"Station 14";"Foxe Basin";15;0;2,5;0;10;3,75;68,75;17,5;0;0,5;22,5;0;0;0;0;0,5;8,75;2,5;0;0;10;0;0;0;5;51,25;5,75;0;0;8,75;0;3,75;8,75;0;0;1;0,5;0,25;0;0,25;0;1;0,5;0;0;0;1;0;3,75;0;0;0;0;NA;82,5;51,25;22,5;51,25;82,5;100;0;3,75;10;68,75;17,5;-84,7338;65,934;-84,7083333333333;65,9583333333333;0,000708999985363334;0,0820000022649765;23,7670001983643;8,20600032806396;0,29567688703537;0,00998958386480808;357,804504394531;0,00260494789108634;0,598280072212219;5,32900287453231e-07;1,12180936336517;-0,985670864582062;1,39672911167145;0,00179725920315832;27,2596969604492;8,74449443817139;0,413051456212997;0,479997009038925;1,3445485830307
"71";"Station 17";"Foxe Basin";10;0;4;30;32,1428571428571;15,7142857142857;4,28571428571429;19,2857142857143;0;0,714285714285714;6,42857142857143;0,142857142857143;0,857142857142857;17,1428571428571;0,285714285714286;1,28571428571429;27,8571428571429;0,285714285714286;0;0;7,14285714285714;0;0;0;1,71428571428571;18,5714285714286;0,857142857142857;0;0;2,14285714285714;0;2,14285714285714;2,14285714285714;0;0;0,428571428571429;0,428571428571429;0,285714285714286;0;0,142857142857143;0;0,571428571428571;0,857142857142857;0;0;0,285714285714286;0,142857142857143;2,85714285714286;4,28571428571429;0;0;0;0;NA;70;18,5714285714286;6,42857142857143;18,5714285714286;82,1428571428571;101,428571428571;29,4805194805195;15,3246753246753;31,7532467532468;4,15584415584416;19,2857142857143;-82,9219;64,872;-82,9583333333333;64,875;0,000246999989030883;0,0860000029206276;25,1499996185303;8,20600032806396;0,251770883798599;0,0071598868817091;365,3056640625;0,00165367824956775;0,56948184967041;0,340197950601578;0,784526109695435;-0,885390758514404;1,12563967704773;0,00103229843080044;27,6208915710449;7,98516845703125;0,457550942897797;0,521563351154327;1,62142753601074
"72";"Station 17";"Foxe Basin";15;0;4,5;0;20;46,25;3,75;30;0;2,5;34,375;0,75;0,5;9,375;0;1,625;11,875;0,375;0,125;1,875;2,5;0;0;0;1,25;10;0,5;0;0;0,625;0;1,25;0,625;0;0;0,125;0,125;0;0;0,125;0;0,25;1,875;0;0;0,25;0,625;3,125;3,125;0;0;0;0;NA;65,625;10;34,375;10;70;100;0;46,25;20;3,75;30;-82,9219;64,872;-82,9583333333333;64,875;0,000246999989030883;0,0860000029206276;25,1499996185303;8,20600032806396;0,251770883798599;0,0071598868817091;365,3056640625;0,00165367824956775;0,56948184967041;0,340197950601578;0,784526109695435;-0,885390758514404;1,12563967704773;0,00103229843080044;27,6208915710449;7,98516845703125;0,457550942897797;0,521563351154327;1,62142753601074
"73";"Station 20";"Hudson Strait";10;0;4,5;33,75;35,625;16,875;0;14,375;0;0,125;2,5;0;1,625;31,25;0,25;0,25;3,125;0,375;0;0;13,75;0;0;0;1,875;34,375;0,625;0;0;4,375;0;6,25;4,375;0;0;0,5;0,875;0,5;0;0,375;0;0,625;2,5;0;0;1;0,75;4,375;3,125;0;0;0;0;NA;71,25;34,375;2,5;34,375;86,25;100,625;33,444976076555;16,6806220095694;35,4904306220096;0;14,383971291866;-80,1761;63,7819;-80,2083333333333;63,7916666666667;0,000341000006301329;0,100000001490116;28,6630001068115;8,20499992370605;0,40292701125145;0,00631904555484653;362,770690917969;0,00125567009672523;0,593783855438232;0,131314843893051;1,18306255340576;-0,207179754972458;1,7610799074173;0,00233839452266693;31,0260467529297;8,18399810791016;0,403308928012848;0,511619210243225;1,36179780960083
"74";"Station 20";"Hudson Strait";15;0;4,5;100;0;0;0;0;0;0;0;0;0;0;0;0,875;5;0;0;0;13,125;0;0,625;6,875;0;0;0;0,125;2,5;60,625;56,25;5;0;8,125;0;0;0;0;0;0;0;0;0;0;0;0;0;0;0;0;0;0;0;NA;7,5;2,5;0;0;100;100;100;0;0;0;0;-80,1761;63,7819;-80,2083333333333;63,7916666666667;0,000341000006301329;0,100000001490116;28,6630001068115;8,20499992370605;0,40292701125145;0,00631904555484653;362,770690917969;0,00125567009672523;0,593783855438232;0,131314843893051;1,18306255340576;-0,207179754972458;1,7610799074173;0,00233839452266693;31,0260467529297;8,18399810791016;0,403308928012848;0,511619210243225;1,36179780960083
"75";"Station 21";"Hudson Strait";10;0;4,5;30;15;25;28,75;1,25;0;0,875;13,75;0,25;1,375;15;0,375;1,375;16,25;0,625;0;0;10,625;0;0;0;2,625;18,75;0,375;0,375;3,75;6,25;2,5;8,125;3,75;0,625;0,125;0,625;0,625;0,375;0;0,375;0;0,375;0,875;0;0,625;0,875;0,25;2,5;2,5;0;0;0;0;NA;67,5;22,5;13,75;18,75;98,75;100;30;25;15;28,75;1,25;-80,8404;63,5185;-80,875;63,5416666666667;0,000965000013820827;0,116999998688698;31,2059993743896;8,20499992370605;0,327116191387177;0,00963274203240871;361,765197753906;0,00126780208665878;0,574665009975433;7,87849950790405;0,769723296165466;0,20625314116478;1,45619809627533;0,00157182896509767;30,544132232666;7,77951765060425;0,351443469524384;0,441505461931229;1,23269629478455
"76";"Station 21";"Hudson Strait";15;0;4,5;5;20;35,625;35,625;3,75;0;0,5;5;0;1,625;24,375;0,375;1,125;12,5;0;0;0;15;0;0;0;2;15;0,125;0;0;0,625;0;5;0,625;0;0;0,125;0,125;0;0;0,375;0;0;0;0;0,625;0;0;0;0;0;0;0;0;NA;56,875;15;5;15;96,25;100;5;35,625;20;35,625;3,75;-80,8404;63,5185;-80,875;63,5416666666667;0,000965000013820827;0,116999998688698;31,2059993743896;8,20499992370605;0,327116191387177;0,00963274203240871;361,765197753906;0,00126780208665878;0,574665009975433;7,87849950790405;0,769723296165466;0,20625314116478;1,45619809627533;0,00157182896509767;30,544132232666;7,77951765060425;0,351443469524384;0,441505461931229;1,23269629478455
"77";"Station 22";"Hudson Strait";10;0;4,5;16,25;0;0;0;71,25;0;0,125;6,875;5,75;0,125;1,25;0;0,75;5;0,875;0;0;0;0;0,125;1,25;0;0;0;0,125;5;9,375;0;5;5,625;0,625;0;0;0,75;0;0;0,25;0;0;0,25;0;0;5,75;0,125;0,625;0;0;0;0;0;NA;18,125;5;6,875;0;16,25;87,5;16,25;0;0;0;71,25;-81,9684;62,9438;-81,9583333333333;62,9583333333333;0,000323999993270263;0,0820000022649765;31,4850006103516;8,20499992370605;0,29549765586853;0,0118106696754694;359,424194335938;0,00132840767037123;0,574611604213715;0,000573191035073251;0,622244954109192;0,588040471076965;1,33879256248474;0,00124565849546343;29,8250904083252;7,33010578155518;0,409570872783661;0,443110167980194;1,27621507644653
"78";"Station 22";"Hudson Strait";15;0;5;12,2222222222222;3,33333333333333;2,22222222222222;82,2222222222222;0;0;0,333333333333333;2,77777777777778;0,444444444444444;0,666666666666667;13,8888888888889;0,111111111111111;1,77777777777778;22,7777777777778;0,222222222222222;0,333333333333333;11,1111111111111;11,6666666666667;0;0;0;0;0;0;0,111111111111111;4,44444444444444;0,555555555555556;0;0,555555555555556;0,555555555555556;0;0;0,111111111111111;0;0,111111111111111;0;0,222222222222222;0;0;0;0;0;0,111111111111111;0,222222222222222;0;0;1,11111111111111;0;0;0;NA;43,8888888888889;4,44444444444444;2,77777777777778;0;100;100;12,2222222222222;2,22222222222222;3,33333333333333;82,2222222222222;0;-81,9684;62,9438;-81,9583333333333;62,9583333333333;0,000323999993270263;0,0820000022649765;31,4850006103516;8,20499992370605;0,29549765586853;0,0118106696754694;359,424194335938;0,00132840767037123;0,574611604213715;0,000573191035073251;0,622244954109192;0,588040471076965;1,33879256248474;0,00124565849546343;29,8250904083252;7,33010578155518;0,409570872783661;0,443110167980194;1,27621507644653
"79";"Station 25";"Hudson Strait";10;0;4,5;0;21,25;29,375;49,375;0;0;1,75;23,125;0;0,125;3,125;0;0,125;1,875;0;0,25;3,75;3,75;0;0;0;0,5;5;0;0;5;6,875;0;8,75;4,375;0;0,25;0,125;0,375;0,125;0;0;0;0;0;0;0;0;0,125;0;0;0;0;1,875;0;NA;38,125;10;23,125;5;100;100;0;29,375;21,25;49,375;0;-81,8394;62,9473;-81,875;62,9583333333333;0,000249000004259869;0,0810000002384186;30,996000289917;8,20499992370605;0,295706331729889;0,0119581893086433;359,614196777344;0,00130852544680238;0,573486745357513;7,28936574887484e-05;0,61090224981308;0,580430626869202;1,34040021896362;0,00124084216076881;29,8241157531738;7,36197328567505;0,407449454069138;0,4454665184021;1,27721548080444
"80";"Station 25";"Hudson Strait";15;0;4;0;14,2857142857143;59,2857142857143;26,4285714285714;0;0;0,714285714285714;17,1428571428571;0,571428571428571;0,142857142857143;4,28571428571429;0;0,142857142857143;2,85714285714286;0;0,142857142857143;2,14285714285714;5;0;0;0;1;14,2857142857143;0;0;0;6,42857142857143;0;6,42857142857143;6,42857142857143;0;0,142857142857143;0,428571428571429;0,428571428571429;0,142857142857143;0;0,142857142857143;0;0,285714285714286;0;0;0;0;0,142857142857143;0;0;0;0,285714285714286;2,14285714285714;0;NA;38,5714285714286;14,2857142857143;17,1428571428571;14,2857142857143;100;100;0;59,2857142857143;14,2857142857143;26,4285714285714;0;-81,8394;62,9473;-81,875;62,9583333333333;0,000249000004259869;0,0810000002384186;30,996000289917;8,20499992370605;0,295706331729889;0,0119581893086433;359,614196777344;0,00130852544680238;0,573486745357513;7,28936574887484e-05;0,61090224981308;0,580430626869202;1,34040021896362;0,00124084216076881;29,8241157531738;7,36197328567505;0,407449454069138;0,4454665184021;1,27721548080444
"81";"Station 3";"Hudson Strait";15;1;4,5;3,75;21,875;72,5;0;3,125;0;2,5;26,25;2,875;2,375;21,25;0;0,875;5;0,25;0,125;1,25;12,5;0;0;0;0;0;0;0;0;1;0;1,75;1;0;0;0;0;0;0;0;0;0;0;0;0;0;0;0;0;0;0;0;NA;0;52,5;0;26,25;0;98,125;101,25;3,75;71,5909090909091;21,5909090909091;0;3,06818181818182;-82,3577;63,6427;-82,375;63,625;0,00165500002913177;0,103000000119209;31,7719993591309;8,20600032806396;0,302377849817276;0,00182669248897582;356,9619140625;0,00176351889967918;0,584095180034637;0,451720118522644;0,762916266918182;0,516315460205078;1,39927232265472;0,00141593895386904;29,6094760894775;6,98888111114502;0,35415318608284;0,396686881780624;1,12477743625641
"82";"Station 6";"Roes Welcome Sound";10;0;4,5;0;6,25;78,125;0;15,625;0;1,75;26,875;1,75;0,125;1,25;0;0,25;1,875;0;0;0;0;0,625;0;0;0;0;0;0;0;23,75;0;0,125;0;0;0;0;0;0,125;0;0;0;0;0;0;0;0;0;0;0;0;0;0;0;NA;30;0;26,875;0;84,375;100;0;78,125;6,25;0;15,625;-87,32;63,6917;-87,2916666666667;63,7083333333333;0,00207899999804795;0,11599999666214;32,1339988708496;8,20699977874756;0,353185176849365;0,00498261349275708;350,036865234375;0,00209068786352873;0,641057908535004;7,12388706207275;1,19635009765625;0,784299314022064;1,5806280374527;0,00199693092145026;28,2660465240479;7,46173477172852;0,397079080343246;0,422955632209778;1,32975172996521
"83";"Station 6";"Roes Welcome Sound";15;0;2,5;0;0;91,25;0;8,75;0;2;52,5;0,75;0,75;3,75;0;1;12,5;0,25;0,5;6,25;12,5;0;0;0;0;0;0;0;0;0,25;0;0,25;0,25;0;0;0;0;0;0;0,25;0;0;0;0;0;0;0;0;0;0;0;0;0;NA;68,75;0;52,5;0;91,25;100;0;91,25;0;0;8,75;-87,32;63,6917;-87,2916666666667;63,7083333333333;0,00207899999804795;0,11599999666214;32,1339988708496;8,20699977874756;0,353185176849365;0,00498261349275708;350,036865234375;0,00209068786352873;0,641057908535004;7,12388706207275;1,19635009765625;0,784299314022064;1,5806280374527;0,00199693092145026;28,2660465240479;7,46173477172852;0,397079080343246;0,422955632209778;1,32975172996521
"84";"Station 8";"Roes Welcome Sound";10;0;4,5;2,5;23,75;67,5;0;6,25;0;1,5;42,5;9,875;0;0;0;0,5;6,875;0,125;0,75;18,75;9,375;0;0;0;0;0;0;0;0;0;0;0;0;0;0,125;0;0;0;0;0,125;0;0;0;0;0;0;0;0;0;0;0;0;0;NA;49,375;0;42,5;0;93,75;100;2,5;67,5;23,75;0;6,25;-86,4057;64,3293;-86,375;64,2916666666667;0,00560199981555343;0,115000002086163;33,9539985656738;8,20600032806396;0,371625661849976;0,00815785117447376;352,729370117188;0,00264477985911071;0,624925255775452;14,3013553619385;0,927312970161438;0,450340956449509;1,66499733924866;0,0020736891310662;28,2656402587891;7,9241156578064;0,368878483772278;0,368983387947083;1,33388590812683
"85";"Station 8";"Roes Welcome Sound";15;0;3,5;2,5;10,8333333333333;76,6666666666667;0;10;0;2,16666666666667;30,8333333333333;0;1,16666666666667;23,3333333333333;0;0;0;0;0,833333333333333;26,6666666666667;11,6666666666667;0;0;0;0;0;0;0;0;0;0;0;0;0;0;0;0;0;0;0,166666666666667;0;0;0;0;0;0;0;0;0;0;0;0;0;NA;54,1666666666667;0;30,8333333333333;0;90;100;2,5;76,6666666666667;10,8333333333333;0;10;-86,4057;64,3293;-86,375;64,2916666666667;0,00560199981555343;0,115000002086163;33,9539985656738;8,20600032806396;0,371625661849976;0,00815785117447376;352,729370117188;0,00264477985911071;0,624925255775452;14,3013553619385;0,927312970161438;0,450340956449509;1,66499733924866;0,0020736891310662;28,2656402587891;7,9241156578064;0,368878483772278;0,368983387947083;1,33388590812683
"86";"Steensby Inlet T1";"Foxe Basin";10;1;6;0;0;9,54545454545454;13,6363636363636;76,8181818181818;NA;NA;20,1818181818182;NA;NA;0;NA;NA;0;NA;NA;0;0;17,0909090909091;NA;0;NA;8;NA;NA;0;32,3636363636364;19,2727272727273;3,18181818181818;NA;0;NA;NA;NA;NA;NA;NA;NA;NA;NA;NA;NA;NA;NA;NA;NA;NA;NA;NA;NA;0;28,1818181818182;8;20,1818181818182;8;23,1818181818182;100;0;9,54545454545454;0;13,6363636363636;76,8181818181818;78,8572;70,2507;-55,0416666666667;70,2916666666667;0,000241999994614162;0,125;35,8930015563965;8,23499965667725;0,0337356552481651;0,011443953961134;295,453033447266;0,0011309131514281;0,861122071743011;2,52798254551934e-10;10,2986640930176;1,15333318710327;0,0934386402368546;7,9615875847594e-07;34,0579681396484;9,61161613464355;0,198002621531487;0,197297498583794;0,958659470081329
"87";"Steensby Inlet T2";"Foxe Basin";5;1;5,5;0;0,5;1,5;0,9;97,1;NA;NA;19,7;NA;NA;0;NA;NA;1;NA;NA;0;0;0;NA;0;NA;12;NA;NA;0;3,1;3,1;2;NA;0;NA;NA;NA;NA;NA;NA;NA;NA;NA;NA;NA;NA;NA;NA;NA;NA;NA;NA;NA;0;32,7;12;19,7;12;2,9;100;0;1,5;0,5;0,9;97,1;-78,7638;70,2144;-78,7916666666667;70,2083333333333;0,000577000027988106;0,104000002145767;21,3110008239746;8,20600032806396;0,323853403329849;0,00750919058918953;365,620788574219;0,00360548729076982;0,608877182006836;0,932478129863739;1,35529446601868;-1,02476847171783;1,41519165039062;0,00168404122814536;30,155948638916;12,4412107467651;0,381851017475128;0,440512716770172;1,35275208950043
"88";"Steensby Inlet T2";"Foxe Basin";10;1;4,5;0;1,25;25;0;73,75;NA;NA;0,625;NA;NA;0;NA;NA;0;NA;NA;0;0;3;NA;0;NA;20,625;NA;NA;0;24,875;24,875;3,125;NA;0;NA;NA;NA;NA;NA;NA;NA;NA;NA;NA;NA;NA;NA;NA;NA;NA;NA;NA;NA;0;21,25;20,625;0,625;20,625;26,25;100;0;25;1,25;0;73,75;-78,7638;70,2144;-78,7916666666667;70,2083333333333;0,000577000027988106;0,104000002145767;21,3110008239746;8,20600032806396;0,323853403329849;0,00750919058918953;365,620788574219;0,00360548729076982;0,608877182006836;0,932478129863739;1,35529446601868;-1,02476847171783;1,41519165039062;0,00168404122814536;30,155948638916;12,4412107467651;0,381851017475128;0,440512716770172;1,35275208950043
"89";"Steensby Inlet T3";"Foxe Basin";5;1;5,5;4,5;9;8,5;1;76,5;5;NA;22,5;NA;NA;2,5;NA;NA;1;NA;NA;0;5,25;2;NA;0;NA;25,5;NA;NA;0;5;5;0;NA;0;NA;NA;NA;NA;NA;NA;NA;NA;NA;NA;NA;NA;NA;NA;NA;NA;NA;NA;NA;0;51,5;25,5;22,5;25,5;23;99,5;4,5;8,55263157894737;9,02631578947368;1;76,9210526315789;-78,3909;70,1965;-78,375;70,2083333333333;0,00141499994788319;0,103000000119209;21,6410007476807;8,20600032806396;0,313647031784058;0,00813017599284649;365,605926513672;0,00357668683864176;0,605731546878815;0,0320633202791214;1,30652165412903;-1,05476045608521;1,3770055770874;0,00162107672076672;30,2724914550781;12,5200233459473;0,374579221010208;0,444609463214874;1,34275889396667
"90";"Steensby Inlet T5";"Foxe Basin";5;1;3,5;0;0;1,66666666666667;3,66666666666667;93,8333333333333;5;NA;7,5;NA;NA;0;NA;NA;0;NA;NA;0;0,5;35,8333333333333;NA;0;NA;0;NA;NA;0;31,6666666666667;29,1666666666667;5;NA;0;NA;NA;NA;NA;NA;NA;NA;NA;NA;NA;NA;NA;NA;NA;NA;NA;NA;NA;NA;0;7,5;0;7,5;0;5,33333333333333;99,1666666666667;0;1,75438596491228;0;3,66666666666667;94,5789473684211;-78,5101;70,2733;-78,5416666666667;70,2916666666667;0,000607999972999096;0,0979999974370003;20,4829998016357;8,20600032806396;0,316043019294739;0,00798514019697905;365,622283935547;0,00362356379628181;0,606452465057373;0,579625487327576;1,32439923286438;-1,05499172210693;1,38670980930328;0,00164147769100964;30,2305278778076;12,5084447860718;0,370607078075409;0,439988136291504;1,35779762268066
"91";"Steensby Inlet T5";"Foxe Basin";10;1;2,5;0;0;0;18;82;NA;NA;0;NA;NA;0;NA;NA;2,5;NA;NA;0;0;0;NA;0;NA;0;NA;NA;0;97,5;0;0;NA;0;NA;NA;NA;NA;NA;NA;NA;NA;NA;NA;NA;NA;NA;NA;NA;NA;NA;NA;NA;0;2,5;0;0;0;18;100;0;0;0;18;82;-78,5101;70,2733;-78,5416666666667;70,2916666666667;0,000607999972999096;0,0979999974370003;20,4829998016357;8,20600032806396;0,316043019294739;0,00798514019697905;365,622283935547;0,00362356379628181;0,606452465057373;0,579625487327576;1,32439923286438;-1,05499172210693;1,38670980930328;0,00164147769100964;30,2305278778076;12,5084447860718;0,370607078075409;0,439988136291504;1,35779762268066
"92";"Steensby Inlet T5";"Foxe Basin";15;1;5,55555555555556;0;0;5,55555555555556;1,11111111111111;93,3333333333333;NA;NA;1,33333333333333;NA;NA;9,33333333333333;NA;NA;0;NA;NA;0;1,66666666666667;21,6666666666667;NA;0;NA;19,2222222222222;NA;NA;0;26,1111111111111;20,5555555555556;0,555555555555556;NA;0;NA;NA;NA;NA;NA;NA;NA;NA;NA;NA;NA;NA;NA;NA;NA;NA;NA;NA;NA;1,66666666666667;29,8888888888889;19,2222222222222;1,33333333333333;19,2222222222222;6,66666666666667;100;0;5,55555555555556;0;1,11111111111111;93,3333333333333;-78,5101;70,2733;-78,5416666666667;70,2916666666667;0,000607999972999096;0,0979999974370003;20,4829998016357;8,20600032806396;0,316043019294739;0,00798514019697905;365,622283935547;0,00362356379628181;0,606452465057373;0,579625487327576;1,32439923286438;-1,05499172210693;1,38670980930328;0,00164147769100964;30,2305278778076;12,5084447860718;0,370607078075409;0,439988136291504;1,35779762268066
"93";"Steensby Inlet T6";"Foxe Basin";5;1;2,5;0;0;0;0;100;NA;NA;0;NA;NA;0;NA;NA;0;NA;NA;0;0;0;NA;0;NA;0;NA;NA;0;100;0;0;NA;0;NA;NA;NA;NA;NA;NA;NA;NA;NA;NA;NA;NA;NA;NA;NA;NA;NA;NA;NA;0;0;0;0;0;0;100;0;0;0;0;100;-78,5629;70,3254;-78,5416666666667;70,2916666666667;0,000607999972999096;0,0979999974370003;20,4829998016357;8,20600032806396;0,316043019294739;0,00798514019697905;365,622283935547;0,00362356379628181;0,606452465057373;0,579625487327576;1,32439923286438;-1,05499172210693;1,38670980930328;0,00164147769100964;30,2305278778076;12,5084447860718;0,370607078075409;0,439988136291504;1,35779762268066
"94";"Steensby Inlet T6";"Foxe Basin";10;1;2;0;0;3,33333333333333;0;96,6666666666667;NA;NA;0;NA;NA;0;NA;NA;0;NA;NA;0;1;0;NA;0;NA;3,33333333333333;NA;NA;0;83,3333333333333;0;0;NA;0;NA;NA;NA;NA;NA;NA;NA;NA;NA;NA;NA;NA;NA;NA;NA;NA;NA;NA;NA;0;3,33333333333333;3,33333333333333;0;3,33333333333333;3,33333333333333;100;0;3,33333333333333;0;0;96,6666666666667;-78,5629;70,3254;-78,5416666666667;70,2916666666667;0,000607999972999096;0,0979999974370003;20,4829998016357;8,20600032806396;0,316043019294739;0,00798514019697905;365,622283935547;0,00362356379628181;0,606452465057373;0,579625487327576;1,32439923286438;-1,05499172210693;1,38670980930328;0,00164147769100964;30,2305278778076;12,5084447860718;0,370607078075409;0,439988136291504;1,35779762268066
"95";"Trevor's Cove";"North Baffin Island";5;1;4,5;86,25;7,5;6,25;0;0;NA;0;0;0;1,875;15;0,125;0,5;4,75;NA;NA;0;28,11875;0;NA;0;0;0;0;0;0;33,75;33,75;0;0;0;1,875;NA;NA;0;NA;0;NA;0;NA;NA;NA;0;NA;NA;NA;NA;NA;NA;NA;0;19,75;0;0;0;100;100;86,25;6,25;7,5;0;0;-77,6222;72,7535;-77,625;72,7916666666667;0,00199300004169345;0,0989999994635582;32,6419982910156;8,21100044250488;0,440197348594666;0,158596634864807;378,757202148438;0,00244190730154514;0,545917510986328;1,6347127495274e-39;1,79330670833588;-1,02249336242676;1,92913949489594;0,00298165343701839;32,2883644104004;7,72402858734131;0,389197081327438;0,63056206703186;1,91400897502899
"96";"Trevor's Cove";"North Baffin Island";10;1;4,5;40;23,125;20,5;0;17,25;NA;0;0;0;3,625;35,625;0;0;0;NA;NA;0;36,6375;0;NA;0;0;0,125;0,125;0;0;0;0;0;0;0;3,625;NA;NA;0;NA;0,25;NA;0;NA;NA;NA;0;NA;NA;NA;NA;NA;NA;NA;0;35,75;0,125;0;0,125;83,625;100,875;39,6880265867815;19,8910550458716;23,1632653061224;0;17,2576530612245;-77,6222;72,7535;-77,625;72,7916666666667;0,00199300004169345;0,0989999994635582;32,6419982910156;8,21100044250488;0,440197348594666;0,158596634864807;378,757202148438;0,00244190730154514;0,545917510986328;1,6347127495274e-39;1,79330670833588;-1,02249336242676;1,92913949489594;0,00298165343701839;32,2883644104004;7,72402858734131;0,389197081327438;0,63056206703186;1,91400897502899
