"";"site";"Region";"Quadrat size m2";"depth";"Quadrat";"Bedrock..";"Boulders..";"Cobbles..";"Pebbles..";"sand";"Shell";"S.latissima No.";"Saccharina";"SL Juveniles No.";"Agarum No.";"Agarum";"Aga. Juveniles";"Alaria No.";"Alaria";"Ala. Juveniles";"Desmarestia No.";"Desmarestia";"Coralline algae %";"Fucus";"Saccorhiza No.";"Saccorhiza";"L. solid No.";"L.solidungula";"L. solid juv";"L. digitata No.";"L.digitata";"Filamentous";"Filament.Brown";"Red.algae.fleshy";"Alga.Roja.fol";"Green";"Sea Urchin No.";"Chitons";"Polychaetos";"Sea stars";"Sculpin";"Fish No.";"Sea Cucumber";"Anemons";"Ophiurida";"Giant Isopod";"Eggs Gastro";"Bivalves";"Gastropods";"Bryozoos %";"Hydrozoos %";"Barnacles %_";"Crab";"Porifera";"Ascidea pedunculada";"Laminariales.unspecified";"kelp.cover";"Laminariales";"S.latissima";"L.solidung";"rock";"visible.substrate";"BedrockP";"CobbleP";"BoulderP";"PebblesP";"SandP";"lon";"lat";"lon_BO";"lat_BO";"BO_calcite";"BO_damean";"BO_parmean";"BO_ph";"BO2_chlomean_bdmin";"BO2_curvelmean_bdmin";"BO2_dissoxmean_bdmin";"BO2_ironmean_bdmin";"BO2_phosphatemean_bdmin";"BO2_lightbotmean_bdmin";"BO2_nitratemean_bdmin";"BO2_tempmean_bdmin";"BO2_carbonphytomean_bdmin";"BO2_ppmean_bdmin";"BO2_salinitymean_bdmin";"BO2_silicatemean_bdmin";"BO2_icecovermean_ss";"BO2_icethickmean_ss";"BO2_icethickrange_ss";"solidungulaandlatissima"
"1";"Bear Island";"Hudson Strait";1;10;4,5;1,875;0;75;0;23,125;0;1;17,5;1,25;0;0;0;0;0;0;0;0;3,25;25,625;0,125;0;0;0;0;0;0;6,25;0;0;0;0;0,75;0;0;0,375;0,125;0,125;0;0;0;0;0;0;0;0;0;0;0;0;NA;0;17,5;0;17,5;0;76,875;100;1,875;75;0;0;23,125;-83,2202;64,0194;-83,2083333333333;64,0416666666667;0,00302199996076524;0,131999999284744;30,7469997406006;8,20499992370605;0,3127161860466;0,00565932737663388;354,961212158203;0,00215474842116237;0,584722399711609;2,32501196861267;0,782349526882172;0,571767807006836;1,52846479415894;0,00169799663126469;29,5440616607666;6,87592077255249;0,252126395702362;0,33826544880867;0,978252828121185;17,5
"2";"Black Point";"North Baffin Island";1;10;4;0;41,4285714285714;39,2857142857143;0;19,2857142857143;NA;0;0;0;1,85714285714286;32,1428571428571;0;0;0;NA;NA;0;34,5357142857143;0;NA;0;0;0;0;0;0;0;0;0;0;0;1,85714285714286;NA;NA;0;NA;0;NA;0;NA;NA;NA;0;NA;NA;NA;NA;NA;NA;NA;0;32,1428571428571;0;0;0;80,7142857142857;100;0;39,2857142857143;41,4285714285714;0;19,2857142857143;-77,9371;72,7031;-77,9583333333333;72,7083333333333;0,00125800003297627;0,104000002145767;36,3120002746582;8,21100044250488;0,425915718078613;0,142703533172607;378,865478515625;0,00260815490037203;0,541918456554413;1,209074744962e-30;1,74964010715485;-1,0678414106369;1,88299417495728;0,00290042208507657;32,2883949279785;7,63239192962646;0,39290264248848;0,639189779758453;1,90412878990173;0
"3";"Churchill T3";"Hudson Bay";1;10;7;23,6923076923077;12,3076923076923;12;9,38461538461539;2,61538461538462;0,307692307692308;NA;1,23076923076923;NA;NA;0;NA;NA;0;NA;NA;0;4,43076923076923;0;NA;0;NA;0;NA;NA;0,923076923076923;35,6923076923077;3,38461538461538;0;NA;0;NA;NA;NA;NA;NA;NA;NA;NA;NA;NA;NA;1,84615384615385;NA;NA;NA;NA;NA;NA;NA;NA;2,15384615384615;0,923076923076923;1,23076923076923;0;57,3846153846154;60;40,129850825503;20,4935897435897;20,5190058479532;11,9508637815274;6,90668980142664;-94,2142;58,8122;-94,2083333333333;58,7916666666667;0,0100659998133779;0,360000014305115;30,6389999389648;8,20699977874756;0,429603189229965;0,0143110761418939;352,624114990234;0,00293817301280797;0,452450424432755;0,0198130384087563;0,879899263381958;1,56195414066315;2,09687685966492;0,00333126680925488;28,1352405548096;7,20170545578003;0,407749086618423;0,483774930238724;1,9940482378006;1,23076923076923
"4";"Churchill T4";"Hudson Bay";1;10;7;47,6923076923077;19,6153846153846;11,5384615384615;5,38461538461539;4,61538461538461;0;NA;0,769230769230769;NA;NA;0;NA;NA;0;NA;NA;0;0;0,384615384615385;NA;0;NA;0;NA;NA;0;6,07692307692308;0;3,92307692307692;NA;0;NA;NA;NA;NA;NA;NA;NA;NA;NA;NA;NA;0;NA;NA;NA;NA;NA;NA;NA;NA;0,769230769230769;0;0,769230769230769;0;84,2307692307692;88,8461538461538;54,9990943980714;12,430869783811;21,3251454427925;6,54403567447046;4,7008547008547;-94,2297;58,8006;-94,2083333333333;58,7916666666667;0,0100659998133779;0,360000014305115;30,6389999389648;8,20699977874756;0,429603189229965;0,0143110761418939;352,624114990234;0,00293817301280797;0,452450424432755;0,0198130384087563;0,879899263381958;1,56195414066315;2,09687685966492;0,00333126680925488;28,1352405548096;7,20170545578003;0,407749086618423;0,483774930238724;1,9940482378006;0,769230769230769
"5";"Deception Bay T1";"Hudson Strait";1;10;5,5;4,9;0;0;0;95,1;0;NA;0;NA;NA;0;NA;NA;0;NA;NA;0;0;27,3;NA;0;NA;0;NA;NA;0;0;0;0;NA;0;NA;NA;NA;NA;NA;NA;NA;NA;NA;NA;NA;0;NA;NA;NA;NA;NA;NA;NA;NA;0;0;0;0;4,9;100;4,9;0;0;0;95,1;-74,6195;62,1233;-74,625;62,125;0,00114700000267476;0,127000004053116;29,8460006713867;8,20100021362305;0,310098946094513;0,0410512425005436;363,146026611328;0,00168823904823512;0,531337320804596;2,75767464419374e-10;0,573727369308472;0,23630927503109;1,36546015739441;0,00126943737268448;31,9818801879883;8,99677276611328;0,358814239501953;0,339788764715195;1,21945488452911;0
"6";"Deception Bay T2";"Hudson Strait";1;10;5,5;0;0;0;1,6;88,6;0,8;NA;46,85;NA;NA;0;NA;NA;0;NA;NA;1,98;0;0;NA;0;NA;0;NA;NA;0;5,27;0;0;NA;0;NA;NA;NA;NA;NA;NA;NA;NA;NA;NA;NA;NA;NA;NA;NA;NA;NA;NA;NA;NA;46,85;0;46,85;0;1,6;90,2;0;0;0;1,60927835051546;98,3907216494845;-74,6882;62,1421;-74,7083333333333;62,125;0,00126199994701892;0,130999997258186;29,1520004272461;8,20100021362305;0,308115065097809;0,0406548678874969;363,109375;0,00169228343293071;0,530981600284576;4,49955314252293e-06;0,570380210876465;0,243213057518005;1,35834920406342;0,00123975554015487;31,9671993255615;9,01829719543457;0,359095424413681;0,340314000844955;1,22912693023682;46,85
"7";"Deception Bay T3";"Hudson Strait";1;10;5,5;0;0;0;0;99,5;0,5;NA;40,08;NA;NA;0;NA;NA;0;NA;NA;0;0;0;NA;0;NA;0,67;NA;NA;0;0;0;0;NA;0;NA;NA;NA;NA;NA;NA;NA;NA;NA;NA;NA;NA;NA;NA;NA;NA;NA;NA;NA;NA;40,75;0,67;40,08;0,67;0;99,5;0;0;0;0;100;-74,8102;62,2023;-74,7916666666667;62,2083333333333;0,00254100002348423;0,13400000333786;29,556999206543;8,20100021362305;0,307734847068787;0,0452894531190395;363,115356445312;0,00169179309159517;0,530744850635529;0,000744499091524631;0,567591309547424;0,247578769922256;1,35696172714233;0,00122951169032604;31,9644203186035;9,02735328674316;0,355563968420029;0,340988308191299;1,2375648021698;40,75
"8";"Deception Bay T4";"Hudson Strait";1;10;6;0;0;19,0909090909091;28,6363636363636;52,2727272727273;NA;NA;40,9090909090909;NA;NA;0;NA;NA;35;NA;NA;0;0;0;NA;0;NA;5,90909090909091;NA;NA;0;1,81818181818182;1,81818181818182;0,454545454545455;NA;0;NA;NA;NA;NA;NA;NA;NA;NA;NA;NA;NA;NA;NA;NA;NA;NA;NA;NA;NA;NA;81,8181818181818;5,90909090909091;40,9090909090909;5,90909090909091;47,7272727272727;100;0;19,0909090909091;0;28,6363636363636;52,2727272727273;-74,8609;62,2457;-74,875;62,2083333333333;0,00132200005464256;0,12899999320507;29,556999206543;8,20100021362305;0,307766973972321;0,045513067394495;363,130310058594;0,00167760136537254;0,530515491962433;0,201955020427704;0,565714180469513;0,259271055459976;1,35481905937195;0,00121149385813624;31,9525394439697;9,05022430419922;0,355924844741821;0,341117024421692;1,23955905437469;46,8181818181818
"9";"Deception Bay T5";"Hudson Strait";1;10;5,5;0;0;3;55,94;41,06;0;NA;18,6335714285714;NA;NA;33,21;NA;NA;10,71;NA;NA;0;0;0;NA;0;NA;0;NA;NA;0;0,4;0;0;NA;0;NA;NA;NA;NA;NA;NA;NA;NA;NA;NA;NA;NA;NA;NA;NA;NA;NA;NA;NA;NA;62,5535714285714;0;18,6335714285714;0;58,94;100;0;3;0;55,94;41,06;-74,6905;62,2567;-74,7083333333333;62,2916666666667;0,000508000026457012;0,129999995231628;29,4090003967285;8,20100021362305;0,30989134311676;0,0445473864674568;363,143768310547;0,00166769826319069;0,531494677066803;5,0659629778238e-05;0,576413989067078;0,240936726331711;1,36014127731323;0,00124566536396742;31,9741115570068;9,0070915222168;0,355203539133072;0,340478777885437;1,23092937469482;18,6335714285714
"10";"Deception Bay T6";"Hudson Strait";1;10;5,5;0;0;0;4;93,5;2,5;NA;48,53;NA;NA;3,77;NA;NA;0;NA;NA;4,67;0;0,5;NA;0;NA;9;NA;NA;0;5,3;0;0;NA;0;NA;NA;NA;NA;NA;NA;NA;NA;NA;NA;NA;NA;NA;NA;NA;NA;NA;NA;NA;NA;61,3;9;48,53;9;4;97,5;0;0;0;4,1374269005848;95,8625730994152;-74,7353;62,2022;-74,7083333333333;62,2083333333333;0,00136999995447695;0,130999997258186;29,556999206543;8,20100021362305;0,308725386857986;0,0406180843710899;363,119720458984;0,00168511888477951;0,531191468238831;0,00323936925269663;0,572925806045532;0,241360381245613;1,35911309719086;0,00124415091704577;31,971342086792;9,01377868652344;0,357210487127304;0,340410560369492;1,23011708259583;57,53
"11";"Duck Island";"Davis Strait";1;10;4,5;4,625;0;95,25;0;0;NA;0;9;0;0;39,5;0;0;21,5;NA;NA;0;0;0;NA;0;0;0;0;0;0;5;0;3,5;5;0;NA;NA;NA;NA;NA;NA;NA;NA;NA;NA;NA;NA;NA;NA;NA;NA;NA;NA;NA;NA;70;0;9;0;99,875;99,875;4,67171717171717;95,3282828282828;0;0;0;-64,341;60,2339;-64,375;60,2083333333333;0,00129499996546656;0,112000003457069;28,2019996643066;8,18900012969971;0,447414219379425;0,239939242601395;360,009216308594;0,00129651662427932;0,480505168437958;0,00012060662265867;1,44716668128967;-0,0853797122836113;2,06641054153442;0,00383262406103313;32,9457511901855;6,67252063751221;0,214343339204788;0,280176252126694;0,982856869697571;9
"12";"Durban Harbour";"Baffin Bay";1;10;5,5;1,5;98,5;0;0;0;NA;0;0;0;0;48,3;11,9;0;0;NA;NA;0;8,529443825096;0;0;0;0;0;0;0;0;0;0;0;0;0;4,1;NA;NA;0;NA;0;NA;0;NA;NA;NA;0;NA;NA;NA;NA;NA;NA;NA;0;48,3;0;0;0;100;100;1,5;0;98,5;0;0;-62,167;67,0382;-62,2083333333333;67,0416666666667;0,000475000008009374;0,11599999666214;26,238000869751;8,21700000762939;0,380828589200974;0,0683747753500938;366,887054443359;0,00139019463676959;0,505385994911194;7,2665376663208;1,40166699886322;-0,628384947776794;1,74538731575012;0,00249813660047948;31,6213684082031;6,18078565597534;0,505686521530151;0,746394872665405;1,99808824062347;0
"13";"East Bay";"Foxe Basin";0;10;4,5;0;0;0;1,25;98,75;0,625;0;2,5;1,25;0;0;0;0;0;0;0,125;4,375;0;0;0;0;0,125;2,5;0;0;0;0;0;0;0;0;0;0;0;0;0;0;0;0;0;0;0;1,875;0;0;0;0;0;0;0;NA;5;2,5;2,5;2,5;1,25;100;0;0;0;1,25;98,75;-81,0666;64,0293;-81,0416666666667;64,0416666666667;0,00122600002214313;0,096000000834465;27,7229995727539;8,20499992370605;0,358363598585129;0,00834843423217535;362,599182128906;0,00162215740419924;0,598757565021515;0,242795586585999;1,38828074932098;-0,531336188316345;1,55115926265717;0,00189309753477573;30,4758853912354;8,31547832489014;0,450833916664124;0,555821537971497;1,58850145339966;5
"14";"Evan's Bight";"Davis Strait";25;10;5,5;81;10;0;2;7;0;0;0,4;0;0;69,6;0;NA;0;0;0;0;0;0;0;0;0;12;0;0;1,6;1,6;0;7,4;1,6;0;NA;NA;NA;NA;NA;NA;NA;NA;NA;NA;NA;NA;NA;NA;NA;NA;NA;NA;NA;NA;83,6;13,6;0,4;12;93;100;81;0;10;2;7;-63,523;59,2985;-63,5416666666667;59,2916666666667;0,00126100005581975;0,123999997973442;30,011999130249;8,1850004196167;0,538766503334045;0,174229204654694;361,347442626953;0,00137092056684196;0,473840355873108;2,67732129799469e-08;1,31958842277527;0,111908853054047;2,62002992630005;0,00471821194514632;33,1843719482422;6,58482217788696;0,191181495785713;0,240996271371841;0,840794682502747;12,4
"15";"Grise fiord";"Ellesmere I";1;10;2,5;1,25;48,75;25;0;25;0;NA;0;NA;NA;17,5;NA;NA;0;NA;NA;0;6,25;0;NA;0;NA;0;NA;NA;0;0;0;0;NA;0;3,75;NA;NA;NA;NA;NA;NA;NA;NA;NA;NA;NA;NA;NA;NA;NA;NA;NA;NA;NA;17,5;0;0;0;75;100;1,25;25;48,75;0;25;-82,9343;76,4223;-82,9583333333333;76,375;0,00095999997574836;0,0930000022053719;24,0009994506836;8,21100044250488;0,299999803304672;0,0327251590788364;360,194061279297;0,00140736950561404;0,786925196647644;NA;5,9839186668396;-1,31249582767487;0,825073480606079;0,000147528597153723;33,2445602416992;12,371922492981;0,532486379146576;0,827342927455902;1,89466989040375;0
"16";"Harbour fiord";"Ellesmere I";1;10;4;0;0;34,2857142857143;2,14285714285714;63,5714285714286;0;NA;0;NA;NA;2,14285714285714;NA;NA;0;NA;NA;0;2,85714285714286;0;NA;0;NA;0;NA;NA;0;0;0;0;NA;0;3,14285714285714;NA;NA;NA;NA;NA;NA;NA;NA;NA;NA;NA;NA;NA;NA;NA;NA;NA;NA;NA;2,14285714285714;0;0;0;36,4285714285714;100;0;34,2857142857143;0;2,14285714285714;63,5714285714286;-84,1835;76,6124;-84,2083333333333;76,375;0,000740999996196479;0,0769999995827675;23,4489994049072;8,21100044250488;0,113399617373943;0,0325649380683899;343,478637695312;0,00139076390769333;0,872287929058075;NA;7,63690137863159;-1,15556061267853;0,297579348087311;1,89463280548807e-05;33,1334609985352;14,4915294647217;0,531358659267426;0,886606574058533;2,19212341308594;0
"17";"Hogg Island";"Davis Strait";25;10;5;0;0;2,88888888888889;0;97,1111111111111;0;0;73,8888888888889;0;0;0;0;NA;0;0;0;0;0;0;0;0;0;0;0;0;0;2,22222222222222;0;0;0;0;NA;NA;NA;NA;NA;NA;NA;NA;NA;NA;NA;NA;NA;NA;NA;NA;NA;NA;NA;NA;73,8888888888889;0;73,8888888888889;0;2,88888888888889;100;0;2,88888888888889;0;0;97,1111111111111;-63,73;59,4288;-63,7083333333333;59,4583333333333;0,00142300000879914;0,133000001311302;30,0359992980957;8,18599987030029;0,528961718082428;0,178988143801689;361,296173095703;0,00139290781226009;0,475211799144745;0,000869835435878485;1,33028662204742;0,051508828997612;2,57073521614075;0,00479805283248425;33,1274566650391;6,63752508163452;0,189994752407074;0,241369292140007;0,842111229896545;73,8888888888889
"18";"Iceberg Point";"North Baffin Island";1;10;4,5;6,25;0;72,5;0;8,75;NA;0;0;0;2,625;22,5;0,25;0;0;NA;NA;0;41,84375;0;NA;0;0;0;0;0;0;0;0;0;0;0;2,625;NA;NA;0;NA;0;NA;0;NA;NA;NA;0;NA;NA;NA;NA;NA;NA;NA;0;22,5;0;0;0;78,75;87,5;6,25;72,5;0;0;8,75;-79,8529;72,4573;-79,875;72,4583333333333;0,000618999998550862;0,115000002086163;43,2050018310547;8,21100044250488;0,341066926717758;0,024673143401742;378,188934326172;0,00325987418182194;0,54749321937561;0,210756927728653;1,86741530895233;-1,17027735710144;1,42301225662231;0,00178514199797064;32,1441116333008;7,62370109558105;0,478283882141113;0,714498281478882;1,7776837348938;0
"19";"Iqualuit T1";"Davis Strait";1;10;5,5;0;0;0;0;98;0;NA;0;NA;NA;0;NA;NA;0;NA;NA;0;0;0,5;NA;0;NA;0;NA;NA;0;1,5;0;0;NA;0;NA;NA;NA;NA;NA;NA;NA;NA;NA;NA;NA;0;NA;NA;NA;NA;NA;NA;NA;NA;0;0;0;0;0;98;0;0;0;0;100;-68,5167;63,7358;-68,5416666666667;63,7083333333333;0,000805000017862767;0,171000003814697;26,2609996795654;8,19799995422363;0,474292516708374;0,00426701083779335;353,834045410156;0,00363899837248027;0,379122495651245;2,11446661069203e-07;1,01775968074799;-0,974986672401428;2,19381475448608;0,00395457679405808;32,1771621704102;6,46430683135986;0,194734498858452;0,242299810051918;0,811930239200592;0
"20";"Iqualuit T2";"Davis Strait";1;10;7;0;0;0;0;30,3846153846154;0;NA;29,2307692307692;NA;NA;21,9230769230769;NA;NA;1,15384615384615;NA;NA;0;0;0,384615384615385;NA;0;NA;12,3076923076923;NA;NA;0;3,84615384615385;3,84615384615385;0;NA;0;NA;NA;NA;NA;NA;NA;NA;NA;NA;NA;NA;0;NA;NA;NA;NA;NA;NA;NA;NA;64,6153846153846;12,3076923076923;29,2307692307692;12,3076923076923;0;30,3846153846154;0;0;0;0;84,6153846153846;-68,4717;63,7247;-68,4583333333333;63,7083333333333;0,0007259999983944;0,159999996423721;29,8290004730225;8,19799995422363;0,47293409705162;0,00450706202536821;353,933563232422;0,00357665936462581;0,381874680519104;1,56365520531665e-09;1,02627813816071;-0,966577172279358;2,18168616294861;0,00389479240402579;32,1791114807129;6,42477989196777;0,198795214295387;0,242241472005844;0,817260086536407;41,5384615384615
"21";"Iqualuit T4";"Davis Strait";1;10;6,5;0;0;0;0,75;67,4166666666667;0;NA;22,5;NA;NA;0;NA;NA;6,41666666666667;NA;NA;0;0;0;NA;0;NA;2,08333333333333;NA;NA;0;0;0;0;NA;0;NA;NA;NA;NA;NA;NA;NA;NA;NA;NA;NA;0;NA;NA;NA;NA;NA;NA;NA;NA;31;2,08333333333333;22,5;2,08333333333333;0,75;68,1666666666667;0;0;0;8,88888888888889;91,1111111111111;-68,4869;63,7167;-68,4583333333333;63,7083333333333;0,0007259999983944;0,159999996423721;29,8290004730225;8,19799995422363;0,47293409705162;0,00450706202536821;353,933563232422;0,00357665936462581;0,381874680519104;1,56365520531665e-09;1,02627813816071;-0,966577172279358;2,18168616294861;0,00389479240402579;32,1791114807129;6,42477989196777;0,198795214295387;0,242241472005844;0,817260086536407;24,5833333333333
"22";"Makkovik";"Labrador Sea";25;10;4,5;100;0;0;0;0;0;0;0;0;0;42,875;0;NA;0;0;0;0;82,5;0;0;0;0;0;0;0;0;1;0;0;1;0;2,625;NA;NA;NA;NA;NA;NA;NA;NA;NA;NA;NA;NA;NA;NA;NA;NA;NA;NA;0;42,875;0;0;0;100;100;100;0;0;0;0;-59,175;55,088;-59,2083333333333;55,125;0,000427999999374151;0,178000003099442;31,8190002441406;8,1560001373291;0,617295384407043;0,290374547243118;350,244201660156;0,00147174252197146;0,464875251054764;0,0289175547659397;2,1201331615448;1,4544506072998;3,00735759735107;0,00623163487762213;32,6823959350586;6,11118698120117;0,194177657365799;0,175008520483971;0,692385017871857;0
"23";"Mussel Point";"Labrador Sea";25;10;5;0;5,55555555555556;63,5555555555556;0;30,8888888888889;0;0;0;0;0;0;0;NA;0;0;0;0;100;0;0;0;0;0;0;0;0;0;0;0;0;0;8,88888888888889;NA;NA;NA;NA;NA;NA;NA;NA;NA;NA;NA;NA;NA;NA;NA;NA;NA;NA;NA;0;0;0;0;69,1111111111111;100;0;63,5555555555556;5,55555555555556;0;30,8888888888889;-59,196;55,102;-59,2083333333333;55,125;0,000427999999374151;0,178000003099442;31,8190002441406;8,1560001373291;0,617295384407043;0,290374547243118;350,244201660156;0,00147174252197146;0,464875251054764;0,0289175547659397;2,1201331615448;1,4544506072998;3,00735759735107;0,00623163487762213;32,6823959350586;6,11118698120117;0,194177657365799;0,175008520483971;0,692385017871857;0
"24";"Narwhal Cove";"North Baffin Island";1;10;4;100;0;0;0;0;NA;0;0;0;4,71428571428571;64,2857142857143;0,714285714285714;0;0;NA;NA;0;35,7142857142857;0;NA;0;0;0;0;0;0;0;0;0;0;0;4,71428571428571;NA;NA;0;NA;0;NA;0;NA;NA;NA;0;NA;NA;NA;NA;NA;NA;NA;0;64,2857142857143;0;0;0;100;100;100;0;0;0;0;-77,4352;72,7685;-77,4583333333333;72,7916666666667;0,00173300004098564;0,0970000028610229;33,1139984130859;8,21199989318848;0,447031378746033;0,165706112980843;378,650604248047;0,00229323748499155;0,549994826316833;2,11027140936532e-40;1,83984291553497;-0,979547202587128;1,93051075935364;0,00293588312342763;32,2621040344238;7,80668497085571;0,393953710794449;0,630655884742737;1,92048537731171;0
"25";"Pangnirtung 1";"Davis Strait";1;10;1,5;0;10;90;0;0;NA;0;85;0;0;0;0;0;7,5;NA;NA;0;0;0;NA;0;0;0;0;0;0;0;0;0;0;0;NA;NA;NA;NA;NA;NA;NA;NA;NA;NA;NA;NA;NA;NA;NA;NA;NA;NA;NA;NA;92,5;0;85;0;100;100;0;90;10;0;0;-65,9917;66,1067;-65,9583333333333;66,125;0,000663999991957098;0,118000000715256;31,8969993591309;8,20800018310547;0,306993186473846;0,01303924433887;359,056976318359;0,00191453262232244;0,42859011888504;3,01855016004993e-05;0,684302866458893;-0,151909112930298;1,45497727394104;0,00173530483152717;31,3303050994873;4,83922958374023;0,287478357553482;0,298758059740067;1,0313116312027;85
"26";"Pangnirtung 2";"Davis Strait";1;10;4,5;0;10;10;0;80;0;0;100;0;0;0;0;0;0;NA;NA;0;0;0;NA;0;NA;0;NA;NA;0;0;0;0;NA;0;NA;NA;NA;NA;NA;NA;NA;NA;NA;NA;NA;NA;NA;NA;NA;NA;NA;NA;NA;NA;100;0;100;0;20;100;0;10;10;0;80;-67,9917;66,266;-67,9583333333333;66,2916666666667;0,000144999998155981;0,108999997377396;26,3859996795654;8,20400047302246;0,386975347995758;0,0084635941311717;356,659210205078;0,00293837860226631;0,404592484235764;16,9236087799072;0,734880983829498;-0,480088829994202;1,89810287952423;0,00328839337453246;31,2724990844727;5,06848526000977;0,272419422864914;0,302631765604019;1,02026093006134;100
"27";"Pooh Corner";"North Baffin Island";1;10;4;0;41,4285714285714;39,2857142857143;0;19,2857142857143;NA;NA;0;NA;1,85714285714286;31,4285714285714;NA;0;0;NA;NA;0;55;0;0;0;0;0;0;0;0;0;0;0;NA;0;7,14285714285714;NA;NA;NA;NA;NA;NA;NA;NA;NA;NA;NA;NA;NA;NA;NA;NA;NA;NA;NA;31,4285714285714;0;0;0;80,7142857142857;100;0;39,2857142857143;41,4285714285714;0;19,2857142857143;-78,9038;72,351;-78,875;72,375;0,000837000028695911;0,0890000015497208;33,1520004272461;8,21199989318848;0,380421340465546;0,0443208292126656;378,719970703125;0,00310180219821632;0,538134634494781;1,41899852978966e-10;1,73508214950562;-1,14864063262939;1,66124796867371;0,00245297700166702;32,1480865478516;7,4743013381958;0,464956760406494;0,682194232940674;1,86380124092102;0
"28";"Qik";"Baffin Bay";1;10;5,5;0;0;0;0;100;NA;0;3,2;0;0;0;0;0;0;0;0;0;0;0,5;0;0;0;0,8;0;0;0;75,5;0;0;0;0;0;NA;NA;NA;NA;0;NA;0;NA;NA;NA;NA;NA;NA;NA;NA;NA;NA;NA;4;4;0,8;3,2;0,8;0;100;0;0;0;0;100;-64,0728;67,5616;-64,0416666666667;67,5416666666667;0,000418000010540709;0,0970000028610229;26,1849994659424;8,21500015258789;0,36183625459671;0,0394700579345226;367,356292724609;0,00149092660285532;0,504405915737152;0,188078984618187;1,36795139312744;-0,63794881105423;1,6454975605011;0,00220986292697489;31,3021125793457;6,17321681976318;0,483848869800568;0,761731266975403;2,00007605552673;4
"29";"Rocks near Durban";"Baffin Bay";1;10;5,5;0;56;44;0;0;NA;0;30,4;0;0;32,5;0;0;2;0;0;0;8,289785729145;0;0;0;0;7,6;0;0;0;0,526315789473684;0;0;0;0;0,4;NA;NA;NA;NA;NA;NA;NA;NA;NA;NA;NA;NA;NA;NA;NA;NA;NA;NA;38;72,5;7,6;30,4;7,6;100;100;0;44;56;0;0;-62,214;67,0392;-62,2083333333333;67,0416666666667;0,000475000008009374;0,11599999666214;26,238000869751;8,21700000762939;0,380828589200974;0,0683747753500938;366,887054443359;0,00139019463676959;0,505385994911194;7,2665376663208;1,40166699886322;-0,628384947776794;1,74538731575012;0,00249813660047948;31,6213684082031;6,18078565597534;0,505686521530151;0,746394872665405;1,99808824062347;38
"30";"S. of Qik";"Baffin Bay";1;10;5,5;23;29,5;0;0;47,5;NA;0;32;0;0;9,5;0;0;0;0;0;2,5;2,02631578947368;7;0;0;NA;8;0;0;0;13,5;0;0;0;0;0;NA;NA;NA;NA;NA;NA;NA;NA;NA;NA;NA;NA;NA;NA;NA;NA;NA;NA;40;49,5;8;32;8;52,5;100;23;0;29,5;0;47,5;-64,062;67,5222;-64,0416666666667;67,5416666666667;0,000418000010540709;0,0970000028610229;26,1849994659424;8,21500015258789;0,36183625459671;0,0394700579345226;367,356292724609;0,00149092660285532;0,504405915737152;0,188078984618187;1,36795139312744;-0,63794881105423;1,6454975605011;0,00220986292697489;31,3021125793457;6,17321681976318;0,483848869800568;0,761731266975403;2,00007605552673;40
"31";"Sheaties Cabin";"North Baffin Island";1;10;4,5;18,125;9,375;43,75;0;28,75;NA;0;0;0;2;36,875;0;0;0;0;0;0;31,5625;0;0;0;NA;0;0;0;0;0;0;0;0;0;7,75;NA;NA;NA;NA;NA;NA;NA;NA;NA;NA;NA;NA;NA;NA;NA;NA;NA;NA;NA;36,875;0;0;0;71,25;100;18,125;43,75;9,375;0;28,75;-79,833;72,4651;-79,7916666666667;72,4583333333333;0,00109100004192442;0,0939999967813492;43,2050018310547;8,21100044250488;0,343321442604065;0,0224314834922552;378,217926025391;0,00324943289160728;0,546604037284851;14,8373193740845;1,85684192180634;-1,16438245773315;1,43574368953705;0,00181777542456985;32,1611976623535;7,60559225082397;0,475137561559677;0,713830173015594;1,78829514980316;0
"32";"Starnes Fiord";"Ellesmere I";1;10;2,5;5;28;33;0;34;0;NA;0;NA;NA;7,5;NA;NA;0;NA;NA;0;22,5;0;NA;0;NA;0;NA;NA;0;0;0;0;NA;0;NA;NA;NA;NA;NA;NA;NA;NA;NA;NA;NA;NA;NA;NA;NA;NA;NA;NA;NA;NA;7,5;0;0;0;66;100;5;33;28;0;34;-82,5607;76,7254;-82,5416666666667;76,2916666666667;0,000682000012602657;0,0900000035762787;23,9080009460449;8,21100044250488;0,00787629000842571;0,00120867183431983;272,196502685547;0,00108814053237438;1,04725253582001;NA;11,8409042358398;-0,0514989607036114;0,023053053766489;1,05524131099877e-10;34,199634552002;16,6254768371582;0,531640231609344;0,81052303314209;1,78001832962036;0
"33";"Station 10";"Roes Welcome Sound";0;10;4,5;0;48,75;31,25;2,5;15;0;0,75;13,75;0;0;0;0;0;0;0;0,25;15;0,625;0,125;1,125;3,25;1,875;0;0;0;0;28,75;0;0;0;0;0;0;0;0;0;0;0;0;0;0;0;0;0;0;0;0;0;0;0;NA;13,75;0;13,75;0;82,5;97,5;0;33,125;49,375;2,5;15;-86,2461;64,974;-86,2083333333333;64,9583333333333;0,00366799999028444;0,0970000028610229;28,2900009155273;8,20600032806396;0,362646996974945;0,0119534721598029;355,884521484375;0,00266803195700049;0,6160649061203;14,4482851028442;0,875501751899719;0,0018537025898695;1,62596154212952;0,00196590204723179;28,1222839355469;8,32053470611572;0,349599629640579;0,352985233068466;1,17851758003235;13,75
"34";"Station 12";"Roes Welcome Sound";0;10;4,5;93,75;6,25;0;0;0;0;0,375;10;0;0;0;0;0,625;20;7,5;0,125;1,25;0;0;0,125;14,375;0;0;0;0;0;36,25;31,875;0;0;0;0;0;0;0;0;0;0;0;0;0;0;0;0;0;0;0;0;0;0;NA;30;0;10;0;100;100;93,75;0;6,25;0;0;-85,6153;65,9092;-85,625;65,875;0,00100599997676909;0,149000003933907;21,632999420166;8,20699977874756;0,310413092374802;0,0139539884403348;354,635528564453;0,00253425119444728;0,619531214237213;0,299296021461487;1,21211552619934;-0,811690986156464;1,45200943946838;0,0017918610246852;27,7395629882812;9,05091857910156;0,399251073598862;0,432007938623428;1,30509769916534;10
"35";"Station 13";"Roes Welcome Sound";0;10;4,5;7,5;20;1,875;7,5;63,125;0;2,5;48,125;0;0,125;1,25;0;0,375;4,375;0;0;0;2,5;1,875;0;0;0,625;6,875;0,875;0;0;11,25;0;0;8,75;0;0;0;0;0;0;0,125;0;0;0,625;0,25;0,125;0;0,25;0;0;0;0;0;0;NA;60,625;6,875;48,125;6,875;36,875;100;7,5;1,875;20;7,5;63,125;-86,1737;66,2501;-86,2083333333333;66,2916666666667;0,000571999989915639;0,105999998748302;23,7509994506836;8,20699977874756;0,299320787191391;0,0166702959686518;353,421905517578;0,00268135708756745;0,618255436420441;0,00179213040973991;1,20614373683929;-0,866251111030579;1,44241881370544;0,00183053757064044;28,2562866210938;9,07441711425781;0,40364083647728;0,433612585067749;1,35655248165131;55
"36";"Station 14";"Foxe Basin";0;10;2,5;70;7,5;3,75;2,5;16,25;0;0,25;5;0;0;0;0;0,25;22,5;0;0;0;3,75;0;0;0;1;40;5,5;0;0;7,5;0;3,75;7,5;0;0;0,75;0,5;0,25;0;0;0;0,5;0,75;0;0;0;0,5;7,5;6,25;0;0;0;0;NA;67,5;40;5;40;83,75;100;70;3,75;7,5;2,5;16,25;-84,7338;65,934;-84,7083333333333;65,9583333333333;0,000708999985363334;0,0820000022649765;23,7670001983643;8,20600032806396;0,29567688703537;0,00998958386480808;357,804504394531;0,00260494789108634;0,598280072212219;5,32900287453231e-07;1,12180936336517;-0,985670864582062;1,39672911167145;0,00179725920315832;27,2596969604492;8,74449443817139;0,413051456212997;0,479997009038925;1,3445485830307;45
"37";"Station 17";"Foxe Basin";0;10;4;30;32,1428571428571;15,7142857142857;4,28571428571429;19,2857142857143;0;0,714285714285714;6,42857142857143;0,142857142857143;0,857142857142857;17,1428571428571;0,285714285714286;1,28571428571429;27,8571428571429;0,285714285714286;0;0;7,14285714285714;0;0;0;1,71428571428571;18,5714285714286;0,857142857142857;0;0;2,14285714285714;0;2,14285714285714;2,14285714285714;0;0;0,428571428571429;0,428571428571429;0,285714285714286;0;0,142857142857143;0;0,571428571428571;0,857142857142857;0;0;0,285714285714286;0,142857142857143;2,85714285714286;4,28571428571429;0;0;0;0;NA;70;18,5714285714286;6,42857142857143;18,5714285714286;82,1428571428571;101,428571428571;29,4805194805195;15,3246753246753;31,7532467532468;4,15584415584416;19,2857142857143;-82,9219;64,872;-82,9583333333333;64,875;0,000246999989030883;0,0860000029206276;25,1499996185303;8,20600032806396;0,251770883798599;0,0071598868817091;365,3056640625;0,00165367824956775;0,56948184967041;0,340197950601578;0,784526109695435;-0,885390758514404;1,12563967704773;0,00103229843080044;27,6208915710449;7,98516845703125;0,457550942897797;0,521563351154327;1,62142753601074;25
"38";"Station 20";"Hudson Strait";0;10;4,5;33,75;35,625;16,875;0;14,375;0;0,125;2,5;0;1,625;31,25;0,25;0,25;3,125;0,375;0;0;13,75;0;0;0;1,875;34,375;0,625;0;0;4,375;0;6,25;4,375;0;0;0,5;0,875;0,5;0;0,375;0;0,625;2,5;0;0;1;0,75;4,375;3,125;0;0;0;0;NA;71,25;34,375;2,5;34,375;86,25;100,625;33,444976076555;16,6806220095694;35,4904306220096;0;14,383971291866;-80,1761;63,7819;-80,2083333333333;63,7916666666667;0,000341000006301329;0,100000001490116;28,6630001068115;8,20499992370605;0,40292701125145;0,00631904555484653;362,770690917969;0,00125567009672523;0,593783855438232;0,131314843893051;1,18306255340576;-0,207179754972458;1,7610799074173;0,00233839452266693;31,0260467529297;8,18399810791016;0,403308928012848;0,511619210243225;1,36179780960083;36,875
"39";"Station 21";"Hudson Strait";0;10;4,5;30;15;25;28,75;1,25;0;0,875;13,75;0,25;1,375;15;0,375;1,375;16,25;0,625;0;0;10,625;0;0;0;2,625;18,75;0,375;0,375;3,75;6,25;2,5;8,125;3,75;0,625;0,125;0,625;0,625;0,375;0;0,375;0;0,375;0,875;0;0,625;0,875;0,25;2,5;2,5;0;0;0;0;NA;67,5;22,5;13,75;18,75;98,75;100;30;25;15;28,75;1,25;-80,8404;63,5185;-80,875;63,5416666666667;0,000965000013820827;0,116999998688698;31,2059993743896;8,20499992370605;0,327116191387177;0,00963274203240871;361,765197753906;0,00126780208665878;0,574665009975433;7,87849950790405;0,769723296165466;0,20625314116478;1,45619809627533;0,00157182896509767;30,544132232666;7,77951765060425;0,351443469524384;0,441505461931229;1,23269629478455;32,5
"40";"Station 22";"Hudson Strait";0;10;4,5;16,25;0;0;0;71,25;0;0,125;6,875;5,75;0,125;1,25;0;0,75;5;0,875;0;0;0;0;0,125;1,25;0;0;0;0,125;5;9,375;0;5;5,625;0,625;0;0;0,75;0;0;0,25;0;0;0,25;0;0;5,75;0,125;0,625;0;0;0;0;0;NA;18,125;5;6,875;0;16,25;87,5;16,25;0;0;0;71,25;-81,9684;62,9438;-81,9583333333333;62,9583333333333;0,000323999993270263;0,0820000022649765;31,4850006103516;8,20499992370605;0,29549765586853;0,0118106696754694;359,424194335938;0,00132840767037123;0,574611604213715;0,000573191035073251;0,622244954109192;0,588040471076965;1,33879256248474;0,00124565849546343;29,8250904083252;7,33010578155518;0,409570872783661;0,443110167980194;1,27621507644653;6,875
"41";"Station 25";"Hudson Strait";0;10;4,5;0;21,25;29,375;49,375;0;0;1,75;23,125;0;0,125;3,125;0;0,125;1,875;0;0,25;3,75;3,75;0;0;0;0,5;5;0;0;5;6,875;0;8,75;4,375;0;0,25;0,125;0,375;0,125;0;0;0;0;0;0;0;0;0,125;0;0;0;0;1,875;0;NA;38,125;10;23,125;5;100;100;0;29,375;21,25;49,375;0;-81,8394;62,9473;-81,875;62,9583333333333;0,000249000004259869;0,0810000002384186;30,996000289917;8,20499992370605;0,295706331729889;0,0119581893086433;359,614196777344;0,00130852544680238;0,573486745357513;7,28936574887484e-05;0,61090224981308;0,580430626869202;1,34040021896362;0,00124084216076881;29,8241157531738;7,36197328567505;0,407449454069138;0,4454665184021;1,27721548080444;28,125
"42";"Station 6";"Roes Welcome Sound";0;10;4,5;0;6,25;78,125;0;15,625;0;1,75;26,875;1,75;0,125;1,25;0;0,25;1,875;0;0;0;0;0,625;0;0;0;0;0;0;0;23,75;0;0,125;0;0;0;0;0;0,125;0;0;0;0;0;0;0;0;0;0;0;0;0;0;0;NA;30;0;26,875;0;84,375;100;0;78,125;6,25;0;15,625;-87,32;63,6917;-87,2916666666667;63,7083333333333;0,00207899999804795;0,11599999666214;32,1339988708496;8,20699977874756;0,353185176849365;0,00498261349275708;350,036865234375;0,00209068786352873;0,641057908535004;7,12388706207275;1,19635009765625;0,784299314022064;1,5806280374527;0,00199693092145026;28,2660465240479;7,46173477172852;0,397079080343246;0,422955632209778;1,32975172996521;26,875
"43";"Station 8";"Roes Welcome Sound";0;10;4,5;2,5;23,75;67,5;0;6,25;0;1,5;42,5;9,875;0;0;0;0,5;6,875;0,125;0,75;18,75;9,375;0;0;0;0;0;0;0;0;0;0;0;0;0;0,125;0;0;0;0;0,125;0;0;0;0;0;0;0;0;0;0;0;0;0;NA;49,375;0;42,5;0;93,75;100;2,5;67,5;23,75;0;6,25;-86,4057;64,3293;-86,375;64,2916666666667;0,00560199981555343;0,115000002086163;33,9539985656738;8,20600032806396;0,371625661849976;0,00815785117447376;352,729370117188;0,00264477985911071;0,624925255775452;14,3013553619385;0,927312970161438;0,450340956449509;1,66499733924866;0,0020736891310662;28,2656402587891;7,9241156578064;0,368878483772278;0,368983387947083;1,33388590812683;42,5
"44";"Steensby Inlet T1";"Foxe Basin";1;10;6;0;0;9,54545454545454;13,6363636363636;76,8181818181818;NA;NA;20,1818181818182;NA;NA;0;NA;NA;0;NA;NA;0;0;17,0909090909091;NA;0;NA;8;NA;NA;0;32,3636363636364;19,2727272727273;3,18181818181818;NA;0;NA;NA;NA;NA;NA;NA;NA;NA;NA;NA;NA;NA;NA;NA;NA;NA;NA;NA;NA;0;28,1818181818182;8;20,1818181818182;8;23,1818181818182;100;0;9,54545454545454;0;13,6363636363636;76,8181818181818;78,8572;70,2507;-55,0416666666667;70,2916666666667;0,000241999994614162;0,125;35,8930015563965;8,23499965667725;0,0337356552481651;0,011443953961134;295,453033447266;0,0011309131514281;0,861122071743011;2,52798254551934e-10;10,2986640930176;1,15333318710327;0,0934386402368546;7,9615875847594e-07;34,0579681396484;9,61161613464355;0,198002621531487;0,197297498583794;0,958659470081329;28,1818181818182
"45";"Steensby Inlet T2";"Foxe Basin";1;10;4,5;0;1,25;25;0;73,75;NA;NA;0,625;NA;NA;0;NA;NA;0;NA;NA;0;0;3;NA;0;NA;20,625;NA;NA;0;24,875;24,875;3,125;NA;0;NA;NA;NA;NA;NA;NA;NA;NA;NA;NA;NA;NA;NA;NA;NA;NA;NA;NA;NA;0;21,25;20,625;0,625;20,625;26,25;100;0;25;1,25;0;73,75;-78,7638;70,2144;-78,7916666666667;70,2083333333333;0,000577000027988106;0,104000002145767;21,3110008239746;8,20600032806396;0,323853403329849;0,00750919058918953;365,620788574219;0,00360548729076982;0,608877182006836;0,932478129863739;1,35529446601868;-1,02476847171783;1,41519165039062;0,00168404122814536;30,155948638916;12,4412107467651;0,381851017475128;0,440512716770172;1,35275208950043;21,25
"46";"Steensby Inlet T5";"Foxe Basin";1;10;2,5;0;0;0;18;82;NA;NA;0;NA;NA;0;NA;NA;2,5;NA;NA;0;0;0;NA;0;NA;0;NA;NA;0;97,5;0;0;NA;0;NA;NA;NA;NA;NA;NA;NA;NA;NA;NA;NA;NA;NA;NA;NA;NA;NA;NA;NA;0;2,5;0;0;0;18;100;0;0;0;18;82;-78,5101;70,2733;-78,5416666666667;70,2916666666667;0,000607999972999096;0,0979999974370003;20,4829998016357;8,20600032806396;0,316043019294739;0,00798514019697905;365,622283935547;0,00362356379628181;0,606452465057373;0,579625487327576;1,32439923286438;-1,05499172210693;1,38670980930328;0,00164147769100964;30,2305278778076;12,5084447860718;0,370607078075409;0,439988136291504;1,35779762268066;0
"47";"Steensby Inlet T6";"Foxe Basin";1;10;2;0;0;3,33333333333333;0;96,6666666666667;NA;NA;0;NA;NA;0;NA;NA;0;NA;NA;0;1;0;NA;0;NA;3,33333333333333;NA;NA;0;83,3333333333333;0;0;NA;0;NA;NA;NA;NA;NA;NA;NA;NA;NA;NA;NA;NA;NA;NA;NA;NA;NA;NA;NA;0;3,33333333333333;3,33333333333333;0;3,33333333333333;3,33333333333333;100;0;3,33333333333333;0;0;96,6666666666667;-78,5629;70,3254;-78,5416666666667;70,2916666666667;0,000607999972999096;0,0979999974370003;20,4829998016357;8,20600032806396;0,316043019294739;0,00798514019697905;365,622283935547;0,00362356379628181;0,606452465057373;0,579625487327576;1,32439923286438;-1,05499172210693;1,38670980930328;0,00164147769100964;30,2305278778076;12,5084447860718;0,370607078075409;0,439988136291504;1,35779762268066;3,33333333333333
"48";"Trevor's Cove";"North Baffin Island";1;10;4,5;40;23,125;20,5;0;17,25;NA;0;0;0;3,625;35,625;0;0;0;NA;NA;0;36,6375;0;NA;0;0;0,125;0,125;0;0;0;0;0;0;0;3,625;NA;NA;0;NA;0,25;NA;0;NA;NA;NA;0;NA;NA;NA;NA;NA;NA;NA;0;35,75;0,125;0;0,125;83,625;100,875;39,6880265867815;19,8910550458716;23,1632653061224;0;17,2576530612245;-77,6222;72,7535;-77,625;72,7916666666667;0,00199300004169345;0,0989999994635582;32,6419982910156;8,21100044250488;0,440197348594666;0,158596634864807;378,757202148438;0,00244190730154514;0,545917510986328;1,6347127495274e-39;1,79330670833588;-1,02249336242676;1,92913949489594;0,00298165343701839;32,2883644104004;7,72402858734131;0,389197081327438;0,63056206703186;1,91400897502899;0,125
"49";"Turnagain";"Davis Strait";25;10;4,5;2,5;62,5;28,75;0;6,25;0;0;0;0;0;0;0;NA;0;0;0;0;100;0;0;0;0;0;0;0;0;0;0;0;0;0;9,375;NA;NA;NA;NA;NA;NA;NA;NA;NA;NA;NA;NA;NA;NA;NA;NA;NA;NA;NA;0;0;0;0;93,75;100;2,5;28,75;62,5;0;6,25;-61,307;56,766;-61,2916666666667;56,7916666666667;0,000224000003072433;0,103000000119209;30,923999786377;8,17099952697754;0,622275471687317;0,091232143342495;352,835968017578;0,00207717134617269;0,4406358897686;2,05317633117374e-06;1,41901707649231;0,984005630016327;3,12880849838257;0,00695330835878849;32,9725914001465;6,69225358963013;0,136279180645943;0,209481045603752;0,65934032201767;0
"50";"Vaga20.23a";"Ellesmere I";1;10;5,5;36;23;10;10,5;18,5;0;NA;0;NA;NA;3,2;NA;NA;0;NA;NA;0;40;0;NA;0;NA;0;NA;NA;0;0;0;0;NA;0;NA;NA;NA;NA;NA;NA;NA;NA;NA;NA;NA;NA;NA;NA;NA;NA;NA;NA;NA;NA;3,2;0;0;0;79,5;98;36,5;10,5;23,5;10,75;18,75;-83,1564;76,4231;-83,0416666666667;76,375;0,000883999979123473;0,0920000001788139;24,0009994506836;8,21100044250488;0,0939309820532799;0,0320362783968449;338,784729003906;0,00132576457690448;0,889725625514984;NA;8,02826023101807;-1,06897509098053;0,245735585689545;1,23892677947879e-05;33,3733711242676;14,8547391891479;0,530551016330719;0,830991446971893;1,92839562892914;0
