Sp,lon,lat,source
Aesc,-4.958333333,51.625,OBIS
Aesc,-4.625,52.95833333,OBIS
Aesc,-4.708333333,52.875,OBIS
Aesc,-4.458333333,53.20833333,OBIS
Aesc,-5.291666667,51.70833333,OBIS
Aesc,-8.375,54.875,OBIS
Aesc,-4.958333333,54.70833333,OBIS
Aesc,-5.791666667,59.125,OBIS
Aesc,-2.125,55.79166667,OBIS
Aesc,-5.291666667,51.70833333,OBIS
Aesc,-4.625,53.29166667,OBIS
Aesc,-2.458333333,56.70833333,OBIS
Aesc,-5.125,54.70833333,OBIS
Aesc,-145.2916667,70.04166667,OBIS
Aesc,-5.291666667,51.875,OBIS
Aesc,-6.291666667,49.95833333,OBIS
Aesc,-17.625,65.95833333,OBIS
Aesc,-66.95833333,44.875,OBIS
Aesc,-1.708333333,60.375,OBIS
Aesc,-5.791666667,59.125,OBIS
Aesc,-4.458333333,53.45833333,OBIS
Aesc,-4.625,53.45833333,OBIS
Aesc,-5.125,54.875,OBIS
Aesc,-5.458333333,51.70833333,OBIS
Aesc,-5.708333333,56.20833333,OBIS
Aesc,-4.625,53.375,OBIS
Aesc,-2.541666667,56.20833333,OBIS
Aesc,-8.458333333,54.875,OBIS
Aesc,-5.125,51.70833333,OBIS
Aesc,-70.79166667,41.375,OBIS
Aesc,-5.208333333,51.70833333,OBIS
Aesc,-6.625,57.04166667,OBIS
Aesc,-6.708333333,55.20833333,OBIS
Aesc,-14.375,64.70833333,OBIS
Aesc,-4.458333333,54.625,OBIS
Aesc,-5.791666667,57.875,OBIS
Aesc,-4.708333333,53.20833333,OBIS
Aesc,-2.458333333,59.29166667,OBIS
Aesc,-5.791666667,57.875,OBIS
Aesc,19.125,74.375,OBIS
Aesc,-9.791666667,53.29166667,OBIS
Aesc,-14.29166667,64.70833333,OBIS
Aesc,-4.458333333,53.45833333,OBIS
Aesc,15.54166667,76.79166667,OBIS
Aesc,-4.708333333,52.875,OBIS
Aesc,-14.29166667,64.70833333,OBIS
Aesc,-5.208333333,51.70833333,OBIS
Aesc,-4.875,54.04166667,OBIS
Aesc,-1.208333333,60.04166667,OBIS
Aesc,-5.125,58.45833333,OBIS
Aesc,-4.458333333,54.625,OBIS
Aesc,-14.04166667,64.70833333,OBIS
Aesc,19.20833333,74.375,OBIS
Aesc,-5.791666667,57.875,OBIS
Aesc,-5.791666667,59.125,OBIS
Aesc,-23.625,64.79166667,OBIS
Aesc,-5.458333333,54.375,OBIS
Aesc,-5.875,54.875,OBIS
Aesc,-66.79166667,44.79166667,OBIS
Aesc,-8.875,42.20833333,OBIS
Aesc,-2.541666667,56.20833333,OBIS
Aesc,-3.708333333,58.95833333,OBIS
Aesc,-5.125,58.375,OBIS
Aesc,-4.875,51.625,OBIS
Aesc,-17.20833333,66.20833333,OBIS
Aesc,-5.791666667,59.125,OBIS
Aesc,-1.125,60.04166667,OBIS
Aesc,-1.708333333,60.375,OBIS
Aesc,-4.625,53.45833333,OBIS
Aesc,-1.708333333,60.29166667,OBIS
Aesc,-4.625,52.79166667,OBIS
Aesc,-1.125,59.95833333,OBIS
Aesc,-7.125,57.625,OBIS
Aesc,-147.5416667,70.29166667,OBIS
Aesc,-147.5416667,70.29166667,OBIS
Aesc,-4.375,54.70833333,OBIS
Aesc,-4.375,54.79166667,OBIS
Aesc,19.125,74.375,OBIS
Aesc,-5.291666667,51.70833333,OBIS
Aesc,-4.291666667,53.45833333,OBIS
Aesc,-4.875,52.04166667,OBIS
Aesc,-5.291666667,51.70833333,OBIS
Aesc,-9.791666667,53.29166667,OBIS
Aesc,-4.708333333,52.79166667,OBIS
Aesc,-4.208333333,54.79166667,OBIS
Aesc,-6.958333333,52.125,OBIS
Aesc,-5.291666667,51.875,OBIS
Aesc,-5.291666667,51.70833333,OBIS
Aesc,-5.291666667,51.79166667,OBIS
Aesc,-4.041666667,54.79166667,OBIS
Aesc,-4.625,52.95833333,OBIS
Aesc,-5.791666667,59.125,OBIS
Aesc,-2.125,55.95833333,OBIS
Aesc,-4.958333333,50.54166667,OBIS
Aesc,-147.5416667,70.29166667,OBIS
Aesc,-5.291666667,51.70833333,OBIS
Aesc,-5.791666667,57.875,OBIS
Aesc,-7.125,57.625,OBIS
Aesc,-5.041666667,51.625,OBIS
Aesc,-147.5416667,70.29166667,OBIS
Aesc,-5.208333333,51.70833333,OBIS
Aesc,-4.791666667,52.79166667,OBIS
Aesc,-5.208333333,51.79166667,OBIS
Aesc,-6.541666667,57.04166667,OBIS
Aesc,-5.208333333,51.70833333,OBIS
Aesc,-17.625,65.95833333,OBIS
Aesc,-6.458333333,57.04166667,OBIS
Aesc,-5.458333333,51.70833333,OBIS
Aesc,-5.958333333,55.04166667,OBIS
Aesc,-66.95833333,44.79166667,OBIS
Aesc,-8.625,57.79166667,OBIS
Aesc,-65.375,44.95833333,OBIS
Aesc,-4.125,54.79166667,OBIS
Aesc,-4.458333333,53.45833333,OBIS
Aesc,-4.708333333,52.125,OBIS
Aesc,-14.125,64.70833333,OBIS
Aesc,-6.541666667,57.04166667,OBIS
Aesc,-4.625,52.79166667,OBIS
Aesc,-4.625,54.04166667,OBIS
Aesc,-1.708333333,60.29166667,OBIS
Aesc,-5.791666667,59.125,OBIS
Aesc,-5.791666667,56.20833333,OBIS
Aesc,-2.458333333,56.70833333,OBIS
Aesc,-5.208333333,51.875,OBIS
Aesc,-4.208333333,54.79166667,OBIS
Aesc,18.95833333,74.375,OBIS
Aesc,-5.208333333,51.70833333,OBIS
Aesc,-13.70833333,65.20833333,OBIS
Aesc,-1.125,59.95833333,OBIS
Aesc,-4.791666667,54.125,OBIS
Aesc,-5.208333333,51.70833333,OBIS
Aesc,-13.79166667,65.20833333,OBIS
Aesc,-5.208333333,51.70833333,OBIS
Aesc,-4.625,52.125,OBIS
Aesc,-4.625,48.625,OBIS
Aesc,-5.708333333,56.29166667,OBIS
Aesc,-8.375,54.875,OBIS
Aesc,-17.625,65.95833333,OBIS
Aesc,-5.125,51.95833333,OBIS
Aesc,-4.708333333,52.875,OBIS
Aesc,-5.458333333,51.70833333,OBIS
Aesc,-5.125,51.95833333,OBIS
Aesc,-4.708333333,52.79166667,OBIS
Aesc,-4.875,51.625,OBIS
Aesc,-14.20833333,64.625,OBIS
Aesc,-1.208333333,60.04166667,OBIS
Aesc,-7.041666667,57.70833333,OBIS
Aesc,-5.791666667,56.20833333,OBIS
Aesc,-1.625,60.29166667,OBIS
Aesc,-5.791666667,59.125,OBIS
Aesc,-5.458333333,54.375,OBIS
Aesc,-8.875,42.45833333,OBIS
Aesc,-4.625,53.29166667,OBIS
Aesc,-3.791666667,50.125,OBIS
Aesc,-5.791666667,59.125,OBIS
Aesc,-5.208333333,51.70833333,OBIS
Aesc,-5.458333333,51.70833333,OBIS
Aesc,-4.375,54.70833333,OBIS
Aesc,-4.791666667,52.04166667,OBIS
Aesc,-4.708333333,52.79166667,OBIS
Aesc,-5.791666667,59.125,OBIS
Aesc,-5.375,51.875,OBIS
Aesc,-5.208333333,51.70833333,OBIS
Aesc,-5.208333333,51.70833333,OBIS
Aesc,-4.708333333,48.04166667,OBIS
Aesc,-4.708333333,53.29166667,OBIS
Aesc,15.54166667,76.79166667,OBIS
Aesc,-4.458333333,54.70833333,OBIS
Aesc,-22.04166667,64.45833333,OBIS
Aesc,26.54166667,76.54166667,OBIS
Aesc,-5.208333333,51.70833333,OBIS
Aesc,-4.708333333,52.79166667,OBIS
Aesc,-8.625,54.29166667,OBIS
Aesc,-13.70833333,65.20833333,OBIS
Aesc,-13.875,65.20833333,OBIS
Aesc,-4.791666667,55.375,OBIS
Aesc,-5.791666667,59.125,OBIS
Aesc,-1.625,60.29166667,OBIS
Aesc,-7.375,57.04166667,OBIS
Aesc,-4.958333333,51.625,OBIS
Aesc,-1.208333333,60.04166667,OBIS
Aesc,-8.708333333,54.29166667,OBIS
Aesc,-4.041666667,50.29166667,OBIS
Aesc,-5.041666667,51.625,OBIS
Aesc,-4.958333333,52.04166667,OBIS
Aesc,-16.70833333,66.29166667,OBIS
Aesc,-5.291666667,51.70833333,OBIS
Aesc,-9.708333333,52.625,OBIS
Aesc,-4.708333333,52.79166667,OBIS
Aesc,-5.625,51.70833333,OBIS
Aesc,-5.125,51.70833333,OBIS
Aesc,-7.125,57.70833333,OBIS
Aesc,-5.208333333,51.95833333,OBIS
Aesc,-5.958333333,55.04166667,OBIS
Aesc,-1.625,55.54166667,OBIS
Aesc,-8.291666667,51.79166667,OBIS
Aesc,19.125,74.375,OBIS
Aesc,-5.791666667,59.125,OBIS
Aesc,-4.791666667,55.375,OBIS
Aesc,-1.125,60.04166667,OBIS
Aesc,-4.791666667,54.125,OBIS
Aesc,-23.04166667,64.70833333,OBIS
Aesc,-4.708333333,53.375,OBIS
Aesc,-5.208333333,51.70833333,OBIS
Aesc,-5.125,51.70833333,OBIS
Aesc,-4.708333333,53.29166667,OBIS
Aesc,-8.541666667,57.79166667,OBIS
Aesc,-5.708333333,56.20833333,OBIS
Aesc,-2.541666667,59.20833333,OBIS
Aesc,-67.04166667,44.875,OBIS
Aesc,-5.208333333,51.70833333,OBIS
Aesc,-6.625,57.04166667,OBIS
Aesc,-60.95833333,45.29166667,OBIS
Aesc,-5.291666667,51.70833333,OBIS
Aesc,-5.125,51.70833333,OBIS
Aesc,-4.541666667,53.375,OBIS
Aesc,-1.708333333,60.375,OBIS
Aesc,-6.458333333,57.04166667,OBIS
Aesc,-9.875,53.625,OBIS
Aesc,-2.625,56.29166667,OBIS
Aesc,-7.375,57.45833333,OBIS
Aesc,-5.208333333,51.70833333,OBIS
Aesc,-1.208333333,60.04166667,OBIS
Aesc,-2.541666667,59.20833333,OBIS
Aesc,-4.208333333,50.29166667,OBIS
Aesc,-4.541666667,53.375,OBIS
Aesc,-6.541666667,57.04166667,OBIS
Aesc,-8.625,57.79166667,OBIS
Aesc,15.54166667,76.79166667,OBIS
Aesc,-5.125,51.95833333,OBIS
Aesc,-6.541666667,57.04166667,OBIS
Aesc,-1.708333333,60.375,OBIS
Aesc,4.208333333,53.625,OBIS
Aesc,-5.125,58.375,OBIS
Aesc,-70.625,43.125,OBIS
Aesc,-4.708333333,48.04166667,OBIS
Aesc,-5.375,51.79166667,OBIS
Aesc,-8.541666667,57.79166667,OBIS
Aesc,-5.791666667,59.125,OBIS
Aesc,-1.625,60.29166667,OBIS
Aesc,-5.291666667,51.70833333,OBIS
Aesc,-5.291666667,51.70833333,OBIS
Aesc,-4.291666667,53.375,OBIS
Aesc,-2.541666667,56.20833333,OBIS
Aesc,-17.20833333,66.20833333,OBIS
Aesc,-5.125,51.70833333,OBIS
Aesc,-5.791666667,57.875,OBIS
Aesc,-21.95833333,64.45833333,OBIS
Aesc,-4.625,53.29166667,OBIS
Aesc,-23.625,64.79166667,OBIS
Aesc,-1.208333333,60.04166667,OBIS
Aesc,-70.20833333,43.625,OBIS
Aesc,-2.708333333,56.20833333,OBIS
Aesc,-9.875,52.625,OBIS
Aesc,-145.2916667,70.04166667,OBIS
Aesc,-65.79166667,44.95833333,OBIS
Aesc,-5.291666667,51.70833333,OBIS
Aesc,-1.208333333,60.04166667,OBIS
Aesc,-22.04166667,64.375,OBIS
Aesc,-5.208333333,51.70833333,OBIS
Aesc,-5.208333333,51.70833333,OBIS
Aesc,-10.375,52.20833333,OBIS
Aesc,-5.208333333,51.79166667,OBIS
Aesc,-4.708333333,54.04166667,OBIS
Aesc,-6.541666667,57.04166667,OBIS
Aesc,-8.708333333,54.29166667,OBIS
Aesc,-147.5416667,70.29166667,OBIS
Aesc,-9.875,52.625,OBIS
Aesc,-16.70833333,66.29166667,OBIS
Aesc,-6.541666667,57.04166667,OBIS
Aesc,-4.208333333,51.20833333,OBIS
Aesc,-4.708333333,54.04166667,OBIS
Aesc,-5.791666667,59.125,OBIS
Aesc,-9.958333333,53.375,OBIS
Aesc,-1.625,60.29166667,OBIS
Aesc,-6.291666667,49.875,OBIS
Aesc,-5.208333333,51.70833333,OBIS
Aesc,-22.04166667,64.375,OBIS
Aesc,-5.125,58.45833333,OBIS
Aesc,-59.95833333,45.875,OBIS
Aesc,-14.375,64.70833333,OBIS
Aesc,-10.29166667,51.875,OBIS
Aesc,-4.708333333,48.04166667,OBIS
Aesc,-4.875,54.04166667,OBIS
Aesc,-1.208333333,60.04166667,OBIS
Aesc,-17.20833333,66.20833333,OBIS
Aesc,-2.541666667,59.20833333,OBIS
Aesc,-2.791666667,56.20833333,OBIS
Aesc,-1.208333333,59.95833333,OBIS
Aesc,-147.5416667,70.29166667,OBIS
Aesc,-14.375,64.70833333,OBIS
Aesc,-1.708333333,60.29166667,OBIS
Aesc,-5.791666667,56.20833333,OBIS
Aesc,-5.708333333,51.70833333,OBIS
Aesc,-4.541666667,54.70833333,OBIS
Aesc,15.54166667,76.79166667,OBIS
Aesc,-1.708333333,60.375,OBIS
Aesc,-5.291666667,51.70833333,OBIS
Aesc,-5.041666667,51.625,OBIS
Aesc,-4.708333333,52.125,OBIS
Aesc,-4.958333333,50.125,OBIS
Aesc,-4.708333333,52.79166667,OBIS
Aesc,-2.208333333,55.95833333,OBIS
Aesc,-5.458333333,58.04166667,OBIS
Aesc,-4.708333333,54.04166667,OBIS
Aesc,-4.791666667,51.625,OBIS
Aesc,-8.625,54.29166667,OBIS
Aesc,-4.375,53.125,OBIS
Aesc,-5.208333333,51.79166667,OBIS
Aesc,-7.125,57.70833333,OBIS
Aesc,-4.125,50.29166667,OBIS
Aesc,-66.45833333,45.04166667,OBIS
Aesc,-5.208333333,51.79166667,OBIS
Aesc,-5.208333333,51.95833333,OBIS
Aesc,-4.791666667,54.125,OBIS
Aesc,-1.208333333,59.95833333,OBIS
Aesc,-8.875,42.45833333,OBIS
Aesc,-5.791666667,59.125,OBIS
Aesc,-23.625,64.70833333,OBIS
Aesc,-4.708333333,51.625,OBIS
Aesc,-9.875,54.20833333,OBIS
Aesc,-5.291666667,51.70833333,OBIS
Aesc,-2.125,55.875,OBIS
Aesc,-14.04166667,64.70833333,OBIS
Aesc,-5.291666667,51.70833333,OBIS
Aesc,-4.458333333,53.20833333,OBIS
Aesc,-1.208333333,60.04166667,OBIS
Aesc,-5.708333333,56.29166667,OBIS
Aesc,-4.625,53.29166667,OBIS
Aesc,-1.208333333,60.04166667,OBIS
Aesc,-1.208333333,60.04166667,OBIS
Aesc,-145.2916667,70.04166667,OBIS
Aesc,-4.958333333,51.70833333,OBIS
Aesc,-21.95833333,64.45833333,OBIS
Aesc,-4.041666667,54.79166667,OBIS
Aesc,-5.208333333,51.70833333,OBIS
Aesc,-23.625,64.70833333,OBIS
Aesc,-2.125,50.625,OBIS
Aesc,-4.708333333,54.04166667,OBIS
Aesc,-5.291666667,51.70833333,OBIS
Aesc,-1.625,60.29166667,OBIS
Aesc,-62.375,44.875,OBIS
Aesc,-23.79166667,64.70833333,OBIS
Aesc,-4.958333333,50.54166667,OBIS
Aesc,-17.20833333,66.20833333,OBIS
Aesc,-5.125,51.70833333,OBIS
Aesc,-17.625,65.95833333,OBIS
Aesc,15.54166667,76.79166667,OBIS
Aesc,-5.791666667,57.875,OBIS
Aesc,-4.708333333,52.79166667,OBIS
Aesc,-1.125,59.95833333,OBIS
Aesc,-5.291666667,51.875,OBIS
Aesc,-8.458333333,54.875,OBIS
Aesc,-6.541666667,57.04166667,OBIS
Aesc,-23.95833333,64.875,OBIS
Aesc,-4.791666667,52.79166667,OBIS
Aesc,-5.791666667,59.125,OBIS
Aesc,-4.625,52.79166667,OBIS
Aesc,-5.208333333,51.79166667,OBIS
Aesc,-6.458333333,57.04166667,OBIS
Aesc,-1.208333333,60.04166667,OBIS
Aesc,-6.125,57.125,OBIS
Aesc,-13.54166667,65.29166667,OBIS
Aesc,-5.125,52.04166667,OBIS
Aesc,-1.708333333,60.29166667,OBIS
Aesc,-70.79166667,41.375,OBIS
Aesc,15.54166667,76.79166667,OBIS
Aesc,-5.291666667,51.70833333,OBIS
Aesc,-67.04166667,44.875,OBIS
Aesc,-5.041666667,51.625,OBIS
Aesc,-4.875,52.04166667,OBIS
Aesc,-9.958333333,53.375,OBIS
Aesc,-5.041666667,52.04166667,OBIS
Aesc,-147.5416667,70.29166667,OBIS
Aesc,-5.791666667,59.125,OBIS
Aesc,-147.5416667,70.29166667,OBIS
Aesc,-9.708333333,52.625,OBIS
Aesc,-5.041666667,50.125,OBIS
Aesc,-5.791666667,59.125,OBIS
Aesc,-5.125,51.95833333,OBIS
Aesc,-10.45833333,52.04166667,OBIS
Aesc,19.29166667,74.45833333,OBIS
Aesc,-4.791666667,54.125,OBIS
Aesc,-5.208333333,51.70833333,OBIS
Aesc,-6.458333333,56.45833333,OBIS
Aesc,-4.875,54.625,OBIS
Aesc,-5.125,51.70833333,OBIS
Aesc,-69.375,48.375,OBIS
Aesc,-5.208333333,51.70833333,OBIS
Aesc,-6.625,57.04166667,OBIS
Aesc,-4.125,50.29166667,OBIS
Aesc,-6.625,57.04166667,OBIS
Aesc,-6.625,55.20833333,OBIS
Aesc,-4.458333333,53.45833333,OBIS
Aesc,-6.541666667,57.04166667,OBIS
Aesc,-4.958333333,52.04166667,OBIS
Aesc,-8.541666667,57.79166667,OBIS
Aesc,-4.625,52.95833333,OBIS
Aesc,-5.208333333,51.70833333,OBIS
Aesc,-6.291666667,49.95833333,OBIS
Aesc,-16.70833333,66.29166667,OBIS
Aesc,-5.208333333,51.70833333,OBIS
Aesc,-3.958333333,50.125,OBIS
Aesc,-14.29166667,64.70833333,OBIS
Aesc,-5.791666667,59.125,OBIS
Aesc,-5.291666667,51.875,OBIS
Aesc,-2.041666667,55.79166667,OBIS
Aesc,-23.79166667,64.95833333,OBIS
Aesc,-21.95833333,64.45833333,OBIS
Aesc,-3.625,54.95833333,OBIS
Aesc,-4.541666667,52.125,OBIS
Aesc,-6.458333333,57.04166667,OBIS
Aesc,-14.125,64.70833333,OBIS
Aesc,-5.458333333,57.95833333,OBIS
Aesc,-16.70833333,66.29166667,OBIS
Aesc,-8.458333333,54.95833333,OBIS
Aesc,-2.541666667,56.04166667,OBIS
Aesc,-5.125,51.95833333,OBIS
Aesc,-4.791666667,52.875,OBIS
Aesc,-66.79166667,44.79166667,OBIS
Aesc,-5.125,50.45833333,OBIS
Aesc,-6.541666667,57.04166667,OBIS
Aesc,-5.791666667,57.875,OBIS
Aesc,19.29166667,74.45833333,OBIS
Aesc,-69.375,48.375,OBIS
Aesc,-5.291666667,51.70833333,OBIS
Aesc,-8.625,57.79166667,OBIS
Aesc,-4.625,53.20833333,OBIS
Aesc,-4.291666667,50.375,OBIS
Aesc,-13.70833333,65.20833333,OBIS
Aesc,19.20833333,74.375,OBIS
Aesc,-66.70833333,45.04166667,OBIS
Aesc,-5.041666667,51.70833333,OBIS
Aesc,-6.458333333,56.45833333,OBIS
Aesc,-8.958333333,54.29166667,OBIS
Aesc,-17.625,65.95833333,OBIS
Aesc,-4.125,52.375,OBIS
Aesc,-5.291666667,51.70833333,OBIS
Aesc,-6.458333333,56.45833333,OBIS
Aesc,-4.625,53.20833333,OBIS
Aesc,-5.958333333,55.04166667,OBIS
Aesc,-5.458333333,57.95833333,OBIS
Aesc,-5.125,58.375,OBIS
Aesc,-1.208333333,60.04166667,OBIS
Aesc,-14.45833333,64.79166667,OBIS
Aesc,-13.625,65.20833333,OBIS
Aesc,-1.708333333,60.375,OBIS
Aesc,-4.041666667,58.54166667,OBIS
Aesc,-5.291666667,51.70833333,OBIS
Aesc,-7.458333333,57.125,OBIS
Aesc,-5.291666667,54.95833333,OBIS
Aesc,-147.5416667,70.29166667,OBIS
Aesc,-5.208333333,51.70833333,OBIS
Aesc,-2.208333333,55.95833333,OBIS
Aesc,-5.791666667,56.875,OBIS
Aesc,-3.708333333,50.20833333,OBIS
Aesc,-14.29166667,64.70833333,OBIS
Aesc,-1.708333333,60.29166667,OBIS
Aesc,-4.791666667,55.375,OBIS
Aesc,15.54166667,76.79166667,OBIS
Aesc,-5.125,51.95833333,OBIS
Aesc,-5.125,51.625,OBIS
Aesc,-4.625,53.20833333,OBIS
Aesc,-6.041666667,53.125,OBIS
Aesc,-6.541666667,57.04166667,OBIS
Aesc,-22.04166667,64.45833333,OBIS
Aesc,-6.625,57.04166667,OBIS
Aesc,-5.458333333,54.375,OBIS
Aesc,-5.958333333,55.04166667,OBIS
Aesc,-5.791666667,59.125,OBIS
Aesc,-4.708333333,52.125,OBIS
Aesc,-9.875,54.29166667,OBIS
Aesc,-5.291666667,51.70833333,OBIS
Aesc,18.79166667,74.45833333,OBIS
Aesc,-5.291666667,51.70833333,OBIS
Aesc,-4.791666667,51.625,OBIS
Aesc,-5.208333333,51.70833333,OBIS
Aesc,-22.875,64.79166667,OBIS
Aesc,-7.375,57.45833333,OBIS
Aesc,-6.625,57.04166667,OBIS
Aesc,-4.708333333,51.625,OBIS
Aesc,-5.208333333,51.875,OBIS
Aesc,-4.708333333,52.79166667,OBIS
Aesc,-21.95833333,64.45833333,OBIS
Aesc,-2.625,59.29166667,OBIS
Aesc,-3.291666667,58.875,OBIS
Aesc,-4.875,52.04166667,OBIS
Aesc,-0.125,54.125,OBIS
Aesc,-2.541666667,56.04166667,OBIS
Aesc,-1.958333333,55.70833333,OBIS
Aesc,15.54166667,76.79166667,OBIS
Aesc,-5.291666667,51.70833333,OBIS
Aesc,-14.04166667,64.70833333,OBIS
Aesc,-1.208333333,60.04166667,OBIS
Aesc,-16.70833333,66.29166667,OBIS
Aesc,-6.541666667,57.04166667,OBIS
Aesc,19.29166667,74.45833333,OBIS
Aesc,-5.125,55.04166667,OBIS
Aesc,-1.708333333,60.375,OBIS
Aesc,-5.125,58.375,OBIS
Aesc,-5.041666667,52.04166667,OBIS
Aesc,-10.45833333,51.875,OBIS
Aesc,-16.70833333,66.29166667,OBIS
Aesc,-1.208333333,59.95833333,OBIS
Aesc,-7.125,57.70833333,OBIS
Aesc,-6.458333333,56.45833333,OBIS
Aesc,19.29166667,74.45833333,OBIS
Aesc,-1.708333333,60.375,OBIS
Aesc,-4.791666667,54.20833333,OBIS
Aesc,-2.125,57.70833333,OBIS
Aesc,-5.208333333,51.70833333,OBIS
Aesc,-23.70833333,64.875,OBIS
Aesc,-23.625,64.875,OBIS
Aesc,-4.625,53.20833333,OBIS
Aesc,-4.458333333,53.20833333,OBIS
Aesc,-5.125,54.875,OBIS
Aesc,-8.875,42.45833333,OBIS
Aesc,-10.45833333,52.125,OBIS
Aesc,-6.291666667,49.875,OBIS
Aesc,-1.541666667,55.54166667,OBIS
Aesc,-3.791666667,50.125,OBIS
Aesc,-1.625,60.29166667,OBIS
Aesc,-5.291666667,51.70833333,OBIS
Aesc,-5.541666667,57.95833333,OBIS
Aesc,-4.458333333,54.70833333,OBIS
Aesc,-1.708333333,60.375,OBIS
Aesc,-4.958333333,54.70833333,OBIS
Aesc,-5.125,51.79166667,OBIS
Aesc,-4.708333333,52.875,OBIS
Aesc,-5.041666667,54.95833333,OBIS
Aesc,19.125,74.375,OBIS
Aesc,-6.458333333,56.45833333,OBIS
Aesc,-6.541666667,57.04166667,OBIS
Aesc,-5.291666667,51.875,OBIS
Aesc,-1.208333333,60.04166667,OBIS
Aesc,-4.791666667,55.375,OBIS
Aesc,-5.208333333,51.70833333,OBIS
Aesc,-4.708333333,53.29166667,OBIS
Aesc,-4.958333333,52.04166667,OBIS
Aesc,-4.791666667,52.875,OBIS
Aesc,-5.208333333,51.70833333,OBIS
Aesc,-5.375,51.875,OBIS
Aesc,-1.625,60.29166667,OBIS
Aesc,-4.458333333,53.125,OBIS
Aesc,-16.70833333,66.29166667,OBIS
Aesc,-4.041666667,50.29166667,OBIS
Aesc,-5.125,58.45833333,OBIS
Aesc,-5.375,51.79166667,OBIS
Aesc,-5.458333333,54.375,OBIS
Aesc,-1.625,60.29166667,OBIS
Aesc,-4.958333333,50.54166667,OBIS
Aesc,-4.708333333,52.875,OBIS
Aesc,-14.29166667,64.70833333,OBIS
Aesc,-1.208333333,59.95833333,OBIS
Aesc,-66.95833333,44.95833333,OBIS
Aesc,-17.625,65.95833333,OBIS
Aesc,-17.625,65.95833333,OBIS
Aesc,-3.125,58.875,OBIS
Aesc,-1.625,60.29166667,OBIS
Aesc,-8.875,42.20833333,OBIS
Aesc,-17.20833333,66.20833333,OBIS
Aesc,-17.20833333,66.20833333,OBIS
Aesc,-4.458333333,54.125,OBIS
Aesc,-14.04166667,64.70833333,OBIS
Aesc,-5.958333333,56.625,OBIS
Aesc,-5.208333333,51.70833333,OBIS
Aesc,-5.208333333,51.70833333,OBIS
Aesc,-145.2916667,70.04166667,OBIS
Aesc,-4.375,53.125,OBIS
Aesc,-1.708333333,60.29166667,OBIS
Aesc,-69.95833333,43.70833333,GBIF
Aesc,5.291666667,59.375,GBIF
Aesc,-70.54166667,43.20833333,GBIF
Aesc,-4.458333333,48.375,GBIF
Aesc,-70.875,42.45833333,GBIF
Aesc,-68.04166667,44.375,GBIF
Aesc,-70.625,42.70833333,GBIF
Aesc,-70.625,43.20833333,GBIF
Aesc,-52.875,47.04166667,GBIF
Aesc,-52.875,47.54166667,GBIF
Aesc,-66.95833333,44.79166667,GBIF
Aesc,-166.2083333,64.45833333,GBIF
Aesc,5.125,60.20833333,GBIF
Aesc,5.041666667,60.125,GBIF
Aesc,-54.79166667,49.70833333,GBIF
Aesc,4.958333333,60.45833333,GBIF
Aesc,-63.54166667,59.29166667,GBIF
Aesc,4.791666667,60.625,GBIF
Aesc,-147.5416667,70.29166667,GBIF
Aesc,-94.20833333,58.79166667,GBIF
Aesc,-58.375,49.125,GBIF
Aesc,-63.54166667,50.20833333,GBIF
Aesc,4.958333333,60.45833333,GBIF
Aesc,-166.2083333,64.45833333,GBIF
Aesc,-166.2083333,64.45833333,GBIF
Aesc,-54.79166667,49.70833333,GBIF
Aesc,-166.2083333,64.45833333,GBIF
Aesc,-147.5416667,70.29166667,GBIF
Aesc,-57.95833333,49.625,GBIF
Aesc,-62.20833333,67.04166667,GBIF
Aesc,4.958333333,60.45833333,GBIF
Aesc,4.791666667,60.625,GBIF
Aesc,-62.20833333,67.04166667,GBIF
Aesc,-147.5416667,70.29166667,GBIF
Aesc,4.958333333,60.45833333,GBIF
Aesc,5.125,60.20833333,GBIF
Aesc,-64.375,60.20833333,GBIF
Aesc,-54.125,46.79166667,GBIF
Aesc,4.958333333,60.45833333,GBIF
Aesc,-64.375,60.20833333,GBIF
Aesc,-54.125,46.79166667,GBIF
Aesc,-70.20833333,43.625,GBIF
Aesc,4.791666667,60.625,GBIF
Aesc,-63.54166667,59.29166667,GBIF
Aesc,-69.375,48.375,GBIF
Aesc,-166.2083333,64.45833333,GBIF
Aesc,4.875,60.54166667,GBIF
Aesc,-54.79166667,49.70833333,GBIF
Aesc,-166.2083333,64.45833333,GBIF
Aesc,-64.375,60.20833333,GBIF
Aesc,-147.5416667,70.29166667,GBIF
Aesc,-54.79166667,49.70833333,GBIF
Aesc,-166.2083333,64.45833333,GBIF
Aesc,5.125,60.20833333,GBIF
Aesc,-166.2083333,64.45833333,GBIF
Aesc,5.041666667,60.125,GBIF
Aesc,-166.2083333,64.45833333,GBIF
Aesc,4.958333333,60.45833333,GBIF
Aesc,-66.79166667,45.04166667,GBIF
Aesc,5.125,60.20833333,GBIF
Aesc,-70.625,43.20833333,GBIF
Aesc,-55.875,47.04166667,GBIF
Aesc,-94.20833333,58.79166667,GBIF
Aesc,5.041666667,60.125,GBIF
Aesc,-166.2083333,64.45833333,GBIF
Aesc,-93.875,58.79166667,GBIF
Aesc,4.958333333,60.45833333,GBIF
Aesc,-147.5416667,70.29166667,GBIF
Aesc,-69.375,48.375,GBIF
Aesc,-70.20833333,43.625,GBIF
Aesc,-66.79166667,44.79166667,GBIF
Aesc,-66.79166667,45.04166667,GBIF
Aesc,5.125,60.20833333,GBIF
Aesc,5.041666667,60.125,GBIF
Aesc,-166.2083333,64.45833333,GBIF
Aesc,-54.79166667,49.70833333,GBIF
Aesc,-54.79166667,49.70833333,GBIF
Aesc,-66.79166667,45.04166667,GBIF
Aesc,-166.2083333,64.45833333,GBIF
Aesc,-57.95833333,49.70833333,GBIF
Aesc,5.125,60.20833333,GBIF
Aesc,-63.54166667,50.20833333,GBIF
Aesc,-64.375,60.20833333,GBIF
Aesc,-66.79166667,44.79166667,GBIF
Aesc,-63.54166667,59.29166667,GBIF
Aesc,-66.79166667,45.04166667,GBIF
Aesc,4.791666667,60.625,GBIF
Aesc,-59.95833333,45.875,GBIF
Aesc,-166.2083333,64.45833333,GBIF
Aesc,-57.95833333,49.54166667,GBIF
Aesc,-63.54166667,50.20833333,GBIF
Aesc,-166.2083333,64.45833333,GBIF
Aesc,-166.2083333,64.45833333,GBIF
Aesc,-59.95833333,45.875,GBIF
Aesc,-69.375,48.375,GBIF
Aesc,-54.79166667,49.70833333,GBIF
Aesc,-94.20833333,58.79166667,GBIF
Aesc,-66.79166667,45.04166667,GBIF
Aesc,-66.45833333,45.04166667,GBIF
Aesc,-54.79166667,49.70833333,GBIF
Aesc,-54.79166667,49.70833333,GBIF
Aesc,-94.20833333,58.79166667,GBIF
Aesc,-66.79166667,45.04166667,GBIF
Aesc,5.125,60.20833333,GBIF
Aesc,-166.2083333,64.45833333,GBIF
Aesc,-66.79166667,45.04166667,GBIF
Aesc,-66.79166667,45.04166667,GBIF
Aesc,-94.20833333,58.79166667,GBIF
Aesc,-54.79166667,49.70833333,GBIF
Aesc,-66.70833333,45.04166667,GBIF
Aesc,-64.04166667,67.54166667,GBIF
Aesc,4.958333333,60.45833333,GBIF
Aesc,-94.20833333,58.79166667,GBIF
Aesc,-69.375,48.29166667,GBIF
Aesc,4.791666667,60.625,GBIF
Aesc,-66.79166667,45.04166667,GBIF
Aesc,-166.2083333,64.45833333,GBIF
Aesc,-166.2083333,64.45833333,GBIF
Aesc,-166.2083333,64.45833333,GBIF
Aesc,-166.2083333,64.45833333,GBIF
Aesc,-94.20833333,58.79166667,GBIF
Aesc,-166.2083333,64.45833333,GBIF
Aesc,-166.2083333,64.45833333,GBIF
Aesc,-166.2083333,64.45833333,GBIF
Aesc,-166.2083333,64.45833333,GBIF
Aesc,-166.2083333,64.45833333,GBIF
Aesc,-166.2083333,64.45833333,GBIF
Aesc,-9.458333333,51.45833333,GBIF
Aesc,-63.54166667,44.54166667,GBIF
Aesc,-52.875,47.04166667,GBIF
Aesc,-63.54166667,44.54166667,GBIF
Aesc,-54.04166667,47.125,GBIF
Aesc,-166.5416667,53.875,GBIF
Aesc,-122.625,48.125,GBIF
Aesc,-68.79166667,44.20833333,GBIF
Aesc,-70.875,42.54166667,GBIF
Aesc,-69.20833333,44.04166667,GBIF
Aesc,-69.20833333,44.04166667,GBIF
Aesc,-68.29166667,44.29166667,GBIF
Aesc,-66.95833333,44.875,GBIF
Aesc,-66.95833333,44.95833333,GBIF
Aesc,-67.04166667,44.875,GBIF
Aesc,-70.20833333,43.54166667,GBIF
Aesc,-66.95833333,44.875,GBIF
Aesc,-70.625,42.95833333,GBIF
Aesc,-70.625,42.95833333,GBIF
Aesc,-70.54166667,43.20833333,GBIF
Aesc,-66.95833333,44.875,GBIF
Aesc,-68.95833333,42.875,GBIF
Aesc,-70.625,43.125,GBIF
Aesc,-70.70833333,43.04166667,GBIF
Aesc,-68.875,44.04166667,GBIF
Aesc,-70.875,42.375,GBIF
Aesc,-70.875,42.375,GBIF
Aesc,-70.875,42.375,GBIF
Aesc,-70.79166667,42.95833333,GBIF
Aesc,-70.79166667,42.875,GBIF
Aesc,-70.79166667,42.875,GBIF
Aesc,-70.625,42.625,GBIF
Aesc,-70.625,42.625,GBIF
Aesc,-70.875,42.375,GBIF
Aesc,-70.875,42.375,GBIF
Aesc,-70.79166667,42.875,GBIF
Aesc,-70.79166667,42.95833333,GBIF
Aesc,-70.875,42.375,GBIF
Aesc,-70.79166667,42.875,GBIF
Aesc,-70.875,42.375,GBIF
Aesc,-70.79166667,42.95833333,GBIF
Aesc,-70.875,42.375,GBIF
Aesc,-70.79166667,42.95833333,GBIF
Aesc,-70.79166667,42.875,GBIF
Aesc,-70.79166667,42.875,GBIF
Aesc,-70.79166667,42.95833333,GBIF
Aesc,-70.79166667,42.875,GBIF
Aesc,-70.875,42.375,GBIF
Aesc,-70.625,42.70833333,GBIF
Aesc,-70.79166667,42.95833333,GBIF
Aesc,-70.79166667,42.875,GBIF
Aesc,-70.875,42.375,GBIF
Aesc,-70.79166667,42.875,GBIF
Aesc,-70.79166667,42.95833333,GBIF
Aesc,-70.79166667,42.875,GBIF
Aesc,-70.79166667,42.875,GBIF
Aesc,-70.625,42.625,GBIF
Aesc,-70.79166667,42.875,GBIF
Aesc,-70.79166667,42.875,GBIF
Aesc,-70.95833333,42.45833333,GBIF
Aesc,-70.625,42.95833333,GBIF
Aesc,-70.875,42.375,GBIF
Aesc,-70.875,42.375,GBIF
Aesc,-70.875,42.375,GBIF
Aesc,-70.875,42.375,GBIF
Aesc,-70.79166667,42.875,GBIF
Aesc,-70.625,41.375,GBIF
Aesc,-70.79166667,42.875,GBIF
Aesc,-70.875,42.45833333,GBIF
Aesc,-70.79166667,42.95833333,GBIF
Aesc,-70.79166667,42.95833333,GBIF
Aesc,-70.79166667,42.875,GBIF
Aesc,-70.875,42.54166667,GBIF
Aesc,-70.79166667,42.875,GBIF
Aesc,-70.79166667,42.875,GBIF
Aesc,-70.625,42.95833333,GBIF
Aesc,-70.79166667,42.875,GBIF
Aesc,-70.625,42.95833333,GBIF
Aesc,-70.79166667,42.875,GBIF
Aesc,-70.79166667,42.95833333,GBIF
Aesc,-70.625,42.95833333,GBIF
Aesc,-70.79166667,42.95833333,GBIF
Aesc,-70.875,42.375,GBIF
Aesc,-70.875,42.375,GBIF
Aesc,-70.79166667,42.54166667,GBIF
Aesc,-70.79166667,42.875,GBIF
Aesc,-70.625,43.125,GBIF
Aesc,-70.875,42.375,GBIF
Aesc,-70.79166667,42.875,GBIF
Aesc,-70.79166667,42.95833333,GBIF
Aesc,-70.79166667,42.875,GBIF
Aesc,-70.79166667,42.95833333,GBIF
Aesc,-70.79166667,42.95833333,GBIF
Aesc,-70.79166667,42.875,GBIF
Aesc,-70.79166667,42.875,GBIF
Aesc,-70.875,42.375,GBIF
Aesc,-70.79166667,42.875,GBIF
Aesc,-70.625,43.04166667,GBIF
Aesc,-70.70833333,43.04166667,GBIF
Aesc,-70.79166667,42.875,GBIF
Aesc,-70.79166667,42.95833333,GBIF
Aesc,-70.625,42.95833333,GBIF
Aesc,-70.625,42.95833333,GBIF
Aesc,-70.79166667,42.95833333,GBIF
Aesc,-70.79166667,42.95833333,GBIF
Aesc,-70.625,42.70833333,GBIF
Aesc,-70.625,42.95833333,GBIF
Aesc,-70.54166667,43.20833333,GBIF
Aesc,-70.625,42.95833333,GBIF
Aesc,-70.79166667,42.875,GBIF
Aesc,-70.625,42.95833333,GBIF
Aesc,-70.79166667,42.875,GBIF
Aesc,-70.79166667,42.875,GBIF
Aesc,-70.79166667,42.875,GBIF
Aesc,-70.79166667,42.875,GBIF
Aesc,-70.79166667,42.95833333,GBIF
Aesc,-70.79166667,42.875,GBIF
Aesc,-70.79166667,42.875,GBIF
Aesc,-70.625,42.95833333,GBIF
Aesc,-70.625,42.95833333,GBIF
Aesc,-70.625,42.95833333,GBIF
Aesc,-70.45833333,43.125,GBIF
Aesc,-70.625,42.95833333,GBIF
Aesc,-70.70833333,43.04166667,GBIF
Aesc,-70.79166667,42.875,GBIF
Aesc,-70.79166667,42.95833333,GBIF
Aesc,-70.79166667,42.875,GBIF
Aesc,-70.70833333,43.04166667,GBIF
Aesc,-70.625,42.95833333,GBIF
Aesc,-70.79166667,42.95833333,GBIF
Aesc,-70.20833333,43.625,GBIF
Aesc,-70.70833333,43.04166667,GBIF
Aesc,-70.625,42.95833333,GBIF
Aesc,-70.79166667,42.95833333,GBIF
Aesc,-70.79166667,42.875,GBIF
Aesc,-70.79166667,42.95833333,GBIF
Aesc,-70.625,43.125,GBIF
Aesc,-70.70833333,43.04166667,GBIF
Aesc,-70.625,42.95833333,GBIF
Aesc,-70.625,43.04166667,GBIF
Aesc,-70.625,42.95833333,GBIF
Aesc,-70.79166667,42.95833333,GBIF
Aesc,-70.54166667,43.20833333,GBIF
Aesc,-70.79166667,42.95833333,GBIF
Aesc,-70.70833333,43.04166667,GBIF
Aesc,-70.79166667,42.95833333,GBIF
Aesc,-70.70833333,43.04166667,GBIF
Aesc,-70.79166667,42.95833333,GBIF
Aesc,-70.625,43.04166667,GBIF
Aesc,-70.625,43.125,GBIF
Aesc,-70.625,43.125,GBIF
Aesc,-70.625,42.95833333,GBIF
Aesc,-70.20833333,43.625,GBIF
Aesc,-70.625,42.95833333,GBIF
Aesc,-70.625,42.95833333,GBIF
Aesc,-70.625,42.95833333,GBIF
Aesc,-70.625,42.95833333,GBIF
Aesc,-70.70833333,43.04166667,GBIF
Aesc,-70.79166667,42.95833333,GBIF
Aesc,-70.625,42.95833333,GBIF
Aesc,-70.125,43.70833333,GBIF
Aesc,-70.625,42.95833333,GBIF
Aesc,-70.79166667,42.95833333,GBIF
Aesc,-70.625,43.20833333,GBIF
Aesc,-70.45833333,43.125,GBIF
Aesc,-70.625,42.95833333,GBIF
Aesc,-70.54166667,43.20833333,GBIF
Aesc,-70.70833333,43.04166667,GBIF
Aesc,-70.625,43.125,GBIF
Aesc,-70.54166667,43.20833333,GBIF
Aesc,-70.54166667,43.20833333,GBIF
Aesc,-70.79166667,42.95833333,GBIF
Aesc,-70.625,42.95833333,GBIF
Aesc,-70.54166667,43.20833333,GBIF
Aesc,-70.625,43.125,GBIF
Aesc,-70.54166667,43.20833333,GBIF
Aesc,-70.70833333,43.04166667,GBIF
Aesc,-70.70833333,43.04166667,GBIF
Aesc,-70.625,43.125,GBIF
Aesc,-70.79166667,42.95833333,GBIF
Aesc,-70.45833333,43.125,GBIF
Aesc,-70.125,43.70833333,GBIF
Aesc,-70.79166667,42.95833333,GBIF
Aesc,-70.54166667,43.20833333,GBIF
Aesc,-70.70833333,43.04166667,GBIF
Aesc,-69.95833333,43.70833333,GBIF
Aesc,-70.29166667,43.54166667,GBIF
Aesc,-70.79166667,42.95833333,GBIF
Aesc,-70.20833333,43.625,GBIF
Aesc,-70.20833333,43.625,GBIF
Aesc,-70.79166667,42.95833333,GBIF
Aesc,-70.54166667,43.20833333,GBIF
Aesc,-70.79166667,42.95833333,GBIF
Aesc,-70.625,43.20833333,GBIF
Aesc,-70.70833333,43.04166667,GBIF
Aesc,-70.70833333,43.04166667,GBIF
Aesc,-69.54166667,43.875,GBIF
Aesc,-70.54166667,43.20833333,GBIF
Aesc,-70.625,43.125,GBIF
Aesc,-70.54166667,43.29166667,GBIF
Aesc,-70.625,43.20833333,GBIF
Aesc,-70.20833333,43.625,GBIF
Aesc,-70.20833333,43.625,GBIF
Aesc,-70.625,43.20833333,GBIF
Aesc,-70.625,42.95833333,GBIF
Aesc,-70.20833333,43.625,GBIF
Aesc,-70.625,43.125,GBIF
Aesc,-70.20833333,43.54166667,GBIF
Aesc,-70.625,43.125,GBIF
Aesc,-70.125,43.70833333,GBIF
Aesc,-70.20833333,43.54166667,GBIF
Aesc,-70.625,43.125,GBIF
Aesc,-70.625,42.95833333,GBIF
Aesc,-70.625,42.95833333,GBIF
Aesc,-70.125,43.70833333,GBIF
Aesc,-70.625,43.125,GBIF
Aesc,-70.45833333,43.125,GBIF
Aesc,-70.54166667,43.20833333,GBIF
Aesc,-70.79166667,42.95833333,GBIF
Aesc,-70.54166667,43.20833333,GBIF
Aesc,-70.625,43.20833333,GBIF
Aesc,-70.20833333,43.625,GBIF
Aesc,-69.95833333,43.70833333,GBIF
Aesc,-70.54166667,43.20833333,GBIF
Aesc,-70.54166667,43.20833333,GBIF
Aesc,-69.95833333,43.70833333,GBIF
Aesc,-70.20833333,43.625,GBIF
Aesc,-70.125,43.70833333,GBIF
Aesc,-70.20833333,43.54166667,GBIF
Aesc,-70.20833333,43.54166667,GBIF
Aesc,-70.54166667,43.20833333,GBIF
Aesc,-70.20833333,43.54166667,GBIF
Aesc,-70.625,43.125,GBIF
Aesc,-70.45833333,43.125,GBIF
Aesc,-70.45833333,43.125,GBIF
Aesc,-70.625,43.125,GBIF
Aesc,-70.54166667,43.20833333,GBIF
Aesc,-69.95833333,43.70833333,GBIF
Aesc,-68.79166667,43.875,GBIF
Aesc,-70.20833333,43.54166667,GBIF
Aesc,-70.54166667,43.20833333,GBIF
Aesc,-70.125,43.70833333,GBIF
Aesc,-69.70833333,43.875,GBIF
Aesc,-70.20833333,43.625,GBIF
Aesc,-69.95833333,43.70833333,GBIF
Aesc,-69.95833333,43.70833333,GBIF
Aesc,-70.29166667,43.54166667,GBIF
Aesc,-70.29166667,43.54166667,GBIF
Aesc,-70.54166667,43.29166667,GBIF
Aesc,-70.54166667,43.20833333,GBIF
Aesc,-69.70833333,43.79166667,GBIF
Aesc,-69.95833333,43.70833333,GBIF
Aesc,-70.54166667,43.29166667,GBIF
Aesc,-70.20833333,43.625,GBIF
Aesc,-69.70833333,43.79166667,GBIF
Aesc,-70.29166667,43.54166667,GBIF
Aesc,-70.125,43.70833333,GBIF
Aesc,-70.20833333,43.54166667,GBIF
Aesc,-68.875,44.04166667,GBIF
Aesc,-69.95833333,43.70833333,GBIF
Aesc,-69.625,43.79166667,GBIF
Aesc,-70.20833333,43.625,GBIF
Aesc,-70.20833333,43.625,GBIF
Aesc,-70.29166667,43.54166667,GBIF
Aesc,-70.375,43.54166667,GBIF
Aesc,-70.20833333,43.54166667,GBIF
Aesc,-69.95833333,43.70833333,GBIF
Aesc,-69.95833333,43.70833333,GBIF
Aesc,-69.54166667,43.79166667,GBIF
Aesc,-68.79166667,43.875,GBIF
Aesc,-69.54166667,43.79166667,GBIF
Aesc,-69.95833333,43.70833333,GBIF
Aesc,-70.375,43.45833333,GBIF
Aesc,-68.20833333,44.375,GBIF
Aesc,-70.29166667,43.54166667,GBIF
Aesc,-70.125,43.70833333,GBIF
Aesc,-70.20833333,43.54166667,GBIF
Aesc,-69.95833333,43.70833333,GBIF
Aesc,-70.20833333,43.54166667,GBIF
Aesc,-69.95833333,43.70833333,GBIF
Aesc,-69.875,43.70833333,GBIF
Aesc,-68.20833333,44.29166667,GBIF
Aesc,-70.20833333,43.54166667,GBIF
Aesc,-70.20833333,43.54166667,GBIF
Aesc,-70.29166667,43.54166667,GBIF
Aesc,-69.625,43.79166667,GBIF
Aesc,-69.875,43.70833333,GBIF
Aesc,-70.20833333,43.54166667,GBIF
Aesc,-68.20833333,44.29166667,GBIF
Aesc,-70.20833333,43.54166667,GBIF
Aesc,-69.54166667,43.875,GBIF
Aesc,-69.625,43.79166667,GBIF
Aesc,-69.54166667,43.79166667,GBIF
Aesc,-69.875,43.70833333,GBIF
Aesc,-70.20833333,43.54166667,GBIF
Aesc,-68.875,44.04166667,GBIF
Aesc,-69.95833333,43.70833333,GBIF
Aesc,-69.95833333,43.70833333,GBIF
Aesc,-69.70833333,43.79166667,GBIF
Aesc,-68.20833333,44.29166667,GBIF
Aesc,-69.95833333,43.70833333,GBIF
Aesc,-70.20833333,43.54166667,GBIF
Aesc,-69.70833333,43.79166667,GBIF
Aesc,-69.70833333,43.79166667,GBIF
Aesc,-69.79166667,43.70833333,GBIF
Aesc,-70.20833333,43.625,GBIF
Aesc,-69.70833333,43.875,GBIF
Aesc,-69.625,43.79166667,GBIF
Aesc,-69.875,43.70833333,GBIF
Aesc,-69.54166667,43.79166667,GBIF
Aesc,-67.95833333,44.375,GBIF
Aesc,-68.04166667,44.375,GBIF
Aesc,-68.20833333,44.29166667,GBIF
Aesc,-69.625,43.79166667,GBIF
Aesc,-69.70833333,43.79166667,GBIF
Aesc,-68.375,44.125,GBIF
Aesc,-69.95833333,43.70833333,GBIF
Aesc,-69.70833333,43.79166667,GBIF
Aesc,-69.70833333,43.79166667,GBIF
Aesc,-69.54166667,43.875,GBIF
Aesc,-69.70833333,43.875,GBIF
Aesc,-69.79166667,43.70833333,GBIF
Aesc,-68.20833333,44.29166667,GBIF
Aesc,-69.70833333,43.79166667,GBIF
Aesc,-69.875,43.70833333,GBIF
Aesc,-69.54166667,43.875,GBIF
Aesc,-69.70833333,43.79166667,GBIF
Aesc,-68.20833333,44.375,GBIF
Aesc,-67.95833333,44.375,GBIF
Aesc,-69.625,43.79166667,GBIF
Aesc,-69.54166667,43.79166667,GBIF
Aesc,-67.04166667,44.79166667,GBIF
Aesc,-68.20833333,44.29166667,GBIF
Aesc,-69.875,43.70833333,GBIF
Aesc,-69.875,43.70833333,GBIF
Aesc,-68.375,44.20833333,GBIF
Aesc,-67.70833333,44.54166667,GBIF
Aesc,-69.70833333,43.79166667,GBIF
Aesc,-67.29166667,44.625,GBIF
Aesc,-69.70833333,43.875,GBIF
Aesc,-69.54166667,43.875,GBIF
Aesc,-69.29166667,43.79166667,GBIF
Aesc,-69.79166667,43.70833333,GBIF
Aesc,-68.875,44.04166667,GBIF
Aesc,-69.54166667,43.875,GBIF
Aesc,-69.45833333,43.875,GBIF
Aesc,-69.29166667,43.79166667,GBIF
Aesc,-67.875,44.45833333,GBIF
Aesc,-67.20833333,44.625,GBIF
Aesc,-67.04166667,44.79166667,GBIF
Aesc,-67.95833333,44.375,GBIF
Aesc,-69.70833333,43.79166667,GBIF
Aesc,-69.625,43.79166667,GBIF
Aesc,-67.04166667,44.79166667,GBIF
Aesc,-68.04166667,44.375,GBIF
Aesc,-67.125,44.875,GBIF
Aesc,-68.20833333,44.29166667,GBIF
Aesc,-67.70833333,44.54166667,GBIF
Aesc,-69.29166667,43.79166667,GBIF
Aesc,-69.54166667,43.79166667,GBIF
Aesc,-68.29166667,44.20833333,GBIF
Aesc,-66.875,44.95833333,GBIF
Aesc,-69.54166667,43.79166667,GBIF
Aesc,-68.20833333,44.29166667,GBIF
Aesc,-69.70833333,43.79166667,GBIF
Aesc,-69.45833333,43.875,GBIF
Aesc,-66.95833333,44.79166667,GBIF
Aesc,-69.29166667,43.79166667,GBIF
Aesc,-67.20833333,44.625,GBIF
Aesc,-68.79166667,44.04166667,GBIF
Aesc,-66.95833333,44.79166667,GBIF
Aesc,-66.95833333,44.79166667,GBIF
Aesc,-68.20833333,44.29166667,GBIF
Aesc,-67.875,44.45833333,GBIF
Aesc,-66.875,44.875,GBIF
Aesc,-67.20833333,44.625,GBIF
Aesc,-67.125,44.875,GBIF
Aesc,-67.125,44.70833333,GBIF
Aesc,-69.875,43.70833333,GBIF
Aesc,-69.29166667,43.79166667,GBIF
Aesc,-67.70833333,44.45833333,GBIF
Aesc,-67.20833333,44.625,GBIF
Aesc,-67.54166667,44.45833333,GBIF
Aesc,-66.95833333,44.875,GBIF
Aesc,-69.04166667,44.125,GBIF
Aesc,-68.79166667,43.875,GBIF
Aesc,-69.70833333,43.875,GBIF
Aesc,-68.20833333,44.29166667,GBIF
Aesc,-68.04166667,44.375,GBIF
Aesc,-67.79166667,44.54166667,GBIF
Aesc,-69.54166667,43.875,GBIF
Aesc,-69.29166667,43.79166667,GBIF
Aesc,-66.95833333,44.79166667,GBIF
Aesc,-68.79166667,44.04166667,GBIF
Aesc,-66.95833333,44.79166667,GBIF
Aesc,-69.29166667,43.79166667,GBIF
Aesc,-67.04166667,44.79166667,GBIF
Aesc,-68.79166667,44.29166667,GBIF
Aesc,-66.95833333,44.875,GBIF
Aesc,-66.95833333,44.875,GBIF
Aesc,-67.125,44.70833333,GBIF
Aesc,-68.79166667,44.04166667,GBIF
Aesc,-67.45833333,44.625,GBIF
Aesc,-67.54166667,44.54166667,GBIF
Aesc,-67.20833333,44.625,GBIF
Aesc,-66.95833333,44.875,GBIF
Aesc,-67.125,44.70833333,GBIF
Aesc,-66.95833333,44.875,GBIF
Aesc,-61.125,46.45833333,GBIF
Aesc,-67.29166667,44.625,GBIF
Aesc,-68.375,44.125,GBIF
Aesc,-67.125,44.875,GBIF
Aesc,-66.95833333,44.79166667,GBIF
Aesc,-66.875,44.95833333,GBIF
Aesc,-69.04166667,44.125,GBIF
Aesc,-67.125,44.875,GBIF
Aesc,-66.95833333,44.875,GBIF
Aesc,-66.95833333,44.875,GBIF
Aesc,-66.95833333,44.875,GBIF
Aesc,-67.125,44.70833333,GBIF
Aesc,-66.95833333,44.875,GBIF
Aesc,-67.04166667,44.79166667,GBIF
Aesc,-66.95833333,44.875,GBIF
Aesc,-67.125,44.875,GBIF
Aesc,-67.20833333,44.625,GBIF
Aesc,-67.29166667,44.625,GBIF
Aesc,-66.95833333,44.875,GBIF
Aesc,-67.125,44.875,GBIF
Aesc,-67.125,44.70833333,GBIF
Aesc,-66.95833333,44.875,GBIF
Aesc,-66.95833333,44.875,GBIF
Aesc,-66.95833333,44.875,GBIF
Aesc,-68.375,44.125,GBIF
Aesc,-66.95833333,44.875,GBIF
Aesc,-66.95833333,44.79166667,GBIF
Aesc,-63.875,44.45833333,GBIF
Aesc,-66.95833333,44.875,GBIF
Aesc,-66.875,44.95833333,GBIF
Aesc,-67.20833333,44.625,GBIF
Aesc,-69.54166667,43.875,GBIF
Aesc,-66.95833333,44.875,GBIF
Aesc,-67.04166667,44.875,GBIF
Aesc,-66.95833333,44.875,GBIF
Aesc,-67.29166667,44.625,GBIF
Aesc,-52.875,47.04166667,GBIF
Aesc,-66.95833333,44.79166667,GBIF
Aesc,-67.04166667,44.875,GBIF
Aesc,-59.04166667,48.54166667,GBIF
Aesc,-66.95833333,44.875,GBIF
Aesc,-66.95833333,44.875,GBIF
Aesc,-66.95833333,44.875,GBIF
Aesc,-66.95833333,44.875,GBIF
Aesc,-53.29166667,48.04166667,GBIF
Aesc,-66.95833333,44.875,GBIF
Aesc,-52.875,47.04166667,GBIF
Aesc,-66.95833333,44.875,GBIF
Aesc,-66.95833333,44.875,GBIF
Aesc,-53.04166667,47.625,GBIF
Aesc,-66.95833333,44.875,GBIF
Aesc,-66.95833333,44.875,GBIF
Aesc,-66.95833333,44.875,GBIF
Aesc,-66.95833333,44.875,GBIF
Aesc,-67.375,44.70833333,GBIF
Aesc,-66.95833333,44.875,GBIF
Aesc,-66.70833333,44.95833333,GBIF
Aesc,-53.20833333,47.54166667,GBIF
Aesc,-61.125,46.45833333,GBIF
Aesc,-66.95833333,44.875,GBIF
Aesc,-66.95833333,44.875,GBIF
Aesc,-59.20833333,48.45833333,GBIF
Aesc,-53.95833333,48.04166667,GBIF
Aesc,-66.95833333,44.875,GBIF
Aesc,-66.95833333,44.875,GBIF
Aesc,-66.70833333,44.95833333,GBIF
Aesc,-66.95833333,44.875,GBIF
Aesc,-53.125,47.70833333,GBIF
Aesc,-66.95833333,44.875,GBIF
Aesc,-66.70833333,44.95833333,GBIF
Aesc,-53.29166667,48.04166667,GBIF
Aesc,-66.70833333,44.95833333,GBIF
Aesc,-70.54166667,43.20833333,GBIF
Aesc,-66.875,45.04166667,GBIF
Aesc,-63.625,44.45833333,GBIF
Aesc,-166.5416667,53.875,GBIF
Aesc,-66.95833333,44.79166667,GBIF
Aesc,-133.5416667,55.79166667,GBIF
Aesc,-4.041666667,48.70833333,GBIF
Aesc,-66.875,45.04166667,GBIF
Aesc,-166.5416667,53.875,GBIF
Aesc,-94.875,74.70833333,GBIF
Aesc,-147.5416667,70.375,GBIF
Aesc,-70.70833333,42.54166667,GBIF
Aesc,-67.875,44.375,GBIF
Aesc,-59.125,47.54166667,GBIF
Aesc,-135.375,57.125,GBIF
Aesc,-69.54166667,43.79166667,GBIF
Aesc,-135.375,57.04166667,GBIF
Aesc,-68.79166667,44.20833333,GBIF
Aesc,-70.875,42.45833333,GBIF
Aesc,-68.04166667,44.29166667,GBIF
Aesc,-70.875,42.45833333,GBIF
Aesc,-4.541666667,48.625,GBIF
Aesc,-122.0416667,36.95833333,GBIF
Aesc,-166.875,53.625,GBIF
Aesc,-69.54166667,43.79166667,GBIF
Aesc,-70.875,42.45833333,GBIF
Aesc,-68.29166667,44.20833333,GBIF
Aesc,-132.4583333,55.79166667,GBIF
Aesc,-66.79166667,44.70833333,GBIF
Aesc,-64.375,49.79166667,GBIF
Aesc,-70.20833333,43.625,GBIF
Aesc,-70.95833333,42.45833333,GBIF
Aesc,-65.70833333,49.20833333,GBIF
Aesc,-68.79166667,44.20833333,GBIF
Aesc,-134.875,58.20833333,GBIF
Aesc,-70.625,42.625,GBIF
Aesc,-70.625,42.625,GBIF
Aesc,-132.4583333,55.79166667,GBIF
Aesc,-134.875,58.20833333,GBIF
Aesc,-66.95833333,44.79166667,GBIF
Aesc,-60.125,47.20833333,GBIF
Aesc,-122.625,48.125,GBIF
Aesc,-69.95833333,43.70833333,GBIF
Aesc,-70.625,42.70833333,GBIF
Aesc,-4.625,54.04166667,GBIF
Aesc,-70.625,42.95833333,GBIF
Aesc,-63.54166667,44.54166667,GBIF
Aesc,-135.375,57.04166667,GBIF
Aesc,-69.95833333,43.79166667,GBIF
Aesc,-166.5416667,53.875,GBIF
Aesc,-56.20833333,46.79166667,GBIF
Aesc,-70.625,42.625,GBIF
Aesc,-70.625,42.625,GBIF
Aesc,-4.541666667,48.625,GBIF
Aesc,-166.5416667,53.875,GBIF
Aesc,-133.5416667,55.79166667,GBIF
Aesc,-3.791666667,48.70833333,GBIF
Aesc,-56.20833333,46.79166667,GBIF
Aesc,-70.875,42.45833333,GBIF
Aesc,-166.875,53.625,GBIF
Aesc,-135.375,56.95833333,GBIF
Aesc,-67.875,44.375,GBIF
Aesc,-70.95833333,42.45833333,GBIF
Aesc,24.29166667,70.70833333,GBIF
Aesc,-70.20833333,43.625,GBIF
Aesc,-66.79166667,44.70833333,GBIF
Aesc,-63.625,44.45833333,GBIF
Aesc,-60.45833333,46.95833333,GBIF
Aesc,-135.2916667,57.04166667,GBIF
Aesc,-66.125,44.54166667,GBIF
Aesc,-68.79166667,44.20833333,GBIF
Aesc,-122.0416667,36.95833333,GBIF
Aesc,-70.875,42.45833333,GBIF
Aesc,-70.625,42.625,GBIF
Aesc,-70.04166667,43.70833333,GBIF
Aesc,-69.79166667,43.70833333,GBIF
Aesc,-68.29166667,44.29166667,GBIF
Aesc,-70.875,42.54166667,GBIF
Aesc,-122.0416667,36.95833333,GBIF
Aesc,-72.29166667,41.125,GBIF
Aesc,-65.95833333,44.625,GBIF
Aesc,-52.70833333,47.625,GBIF
Aesc,-68.29166667,44.29166667,GBIF
Aesc,-52.70833333,47.625,GBIF
Aesc,-68.20833333,44.125,GBIF
Aesc,-5.541666667,50.04166667,GBIF
Aesc,-66.20833333,44.45833333,GBIF
Aesc,-68.79166667,44.20833333,GBIF
Aesc,-52.70833333,47.625,GBIF
Aesc,-122.0416667,36.95833333,GBIF
Aesc,-69.29166667,44.04166667,GBIF
Aesc,-71.875,41.04166667,GBIF
Aesc,-70.625,42.625,GBIF
Aesc,-69.79166667,43.70833333,GBIF
Aesc,-70.625,42.625,GBIF
Aesc,-72.375,41.125,GBIF
Aesc,-69.79166667,43.70833333,GBIF
Aesc,-70.20833333,43.625,GBIF
Aesc,-69.95833333,43.70833333,GBIF
Aesc,-67.04166667,44.875,GBIF
Aesc,-69.95833333,43.70833333,GBIF
Aesc,-52.70833333,47.625,GBIF
Aesc,-4.375,48.375,GBIF
Aesc,-70.79166667,42.54166667,GBIF
Aesc,-70.875,42.45833333,GBIF
Aesc,-72.375,41.125,GBIF
Aesc,-68.79166667,44.20833333,GBIF
Aesc,-69.20833333,44.04166667,GBIF
Aesc,-68.79166667,44.20833333,GBIF
Aesc,-69.79166667,43.70833333,GBIF
Aesc,-67.04166667,44.875,GBIF
Aesc,-122.625,48.125,GBIF
Aesc,-69.45833333,43.875,GBIF
Aesc,-70.625,42.625,GBIF
Aesc,-70.79166667,42.875,GBIF
Aesc,-70.625,42.625,GBIF
Aesc,-70.95833333,42.45833333,GBIF
Aesc,-71.29166667,41.45833333,GBIF
Aesc,-66.95833333,44.79166667,GBIF
Aesc,-70.875,42.45833333,GBIF
Aesc,-66.125,43.79166667,GBIF
Aesc,-52.70833333,47.625,GBIF
Aesc,-68.875,43.875,GBIF
Aesc,-71.04166667,42.375,GBIF
Aesc,-166.5416667,53.875,GBIF
Aesc,-70.79166667,42.54166667,GBIF
Aesc,-67.54166667,44.54166667,GBIF
Aesc,-52.875,47.04166667,GBIF
Aesc,-52.875,47.04166667,GBIF
Aesc,-69.95833333,43.79166667,GBIF
Aesc,-69.95833333,43.70833333,GBIF
Aesc,-70.875,42.54166667,GBIF
Aesc,-69.20833333,44.04166667,GBIF
Aesc,-4.791666667,54.125,GBIF
Aesc,-70.95833333,42.45833333,GBIF
Aesc,-4.541666667,54.29166667,GBIF
Aesc,-4.625,48.04166667,GBIF
Aesc,-4.708333333,50.70833333,GBIF
Aesc,-3.958333333,48.70833333,GBIF
Aesc,-66.125,44.45833333,GBIF
Aesc,-66.125,44.45833333,GBIF
Aesc,-63.95833333,44.54166667,GBIF
Aesc,-63.95833333,44.54166667,GBIF
Aesc,-63.95833333,44.54166667,GBIF
Aesc,-63.54166667,44.45833333,GBIF
Aesc,-57.20833333,47.625,GBIF
Aesc,-63.95833333,44.54166667,GBIF
Aesc,-63.95833333,44.54166667,GBIF
Aesc,-63.54166667,44.45833333,GBIF
Aesc,-63.54166667,44.625,GBIF
Aesc,-63.54166667,44.45833333,GBIF
Aesc,-63.54166667,44.625,GBIF
Aesc,-59.125,47.54166667,GBIF
Aesc,-63.95833333,44.54166667,GBIF
Aesc,-63.54166667,44.625,GBIF
Aesc,-63.54166667,44.45833333,GBIF
Aesc,-63.54166667,44.54166667,GBIF
Aesc,-63.95833333,44.54166667,GBIF
Aesc,-53.625,46.625,GBIF
Aesc,-63.95833333,44.54166667,GBIF
Aesc,-66.29166667,44.29166667,GBIF
Aesc,-63.54166667,44.45833333,GBIF
Aesc,-65.95833333,44.625,GBIF
Aesc,-66.125,44.45833333,GBIF
Aesc,-63.45833333,44.54166667,GBIF
Aesc,-66.375,44.29166667,GBIF
Aesc,-62.79166667,44.70833333,GBIF
Aesc,-66.875,44.79166667,GBIF
Aesc,-65.625,44.79166667,GBIF
Aesc,-66.875,45.04166667,GBIF
Aesc,-63.54166667,44.45833333,GBIF
Aesc,-66.125,44.45833333,GBIF
Aesc,-61.04166667,45.625,GBIF
Aesc,-63.875,44.45833333,GBIF
Aesc,-65.70833333,44.70833333,GBIF
Aesc,-63.54166667,44.45833333,GBIF
Aesc,-65.95833333,44.625,GBIF
Aesc,-66.125,44.45833333,GBIF
Aesc,-63.95833333,44.54166667,GBIF
Aesc,-66.79166667,44.70833333,GBIF
Aesc,-63.54166667,44.45833333,GBIF
Aesc,-63.54166667,44.45833333,GBIF
Aesc,-63.54166667,44.54166667,GBIF
Aesc,-66.125,44.45833333,GBIF
Aesc,-66.79166667,44.70833333,GBIF
Aesc,-66.375,44.29166667,GBIF
Aesc,-65.70833333,43.45833333,GBIF
Aesc,-66.95833333,44.875,GBIF
Aesc,-66.875,44.95833333,GBIF
Aesc,-66.95833333,44.875,GBIF
Aesc,-65.95833333,44.625,GBIF
Aesc,-63.54166667,44.45833333,GBIF
Aesc,-63.54166667,44.54166667,GBIF
Aesc,-65.95833333,44.625,GBIF
Aesc,-63.79166667,44.45833333,GBIF
Aesc,-63.54166667,44.45833333,GBIF
Aesc,-66.125,43.79166667,GBIF
Aesc,-65.70833333,43.45833333,GBIF
Aesc,-63.54166667,44.45833333,GBIF
Aesc,-65.95833333,44.625,GBIF
Aesc,-65.70833333,43.45833333,GBIF
Aesc,-63.54166667,44.625,GBIF
Aesc,-63.54166667,44.45833333,GBIF
Aesc,-62.875,44.70833333,GBIF
Aesc,-63.875,44.45833333,GBIF
Aesc,-61.70833333,45.125,GBIF
Aesc,-63.54166667,44.45833333,GBIF
Aesc,-63.54166667,44.54166667,GBIF
Aesc,-52.875,47.04166667,GBIF
Aesc,-63.95833333,44.54166667,GBIF
Aesc,-63.54166667,44.45833333,GBIF
Aesc,-63.54166667,44.45833333,GBIF
Aesc,-63.54166667,44.45833333,GBIF
Aesc,-63.54166667,44.45833333,GBIF
Aesc,-63.54166667,44.45833333,GBIF
Aesc,-63.54166667,44.45833333,GBIF
Aesc,-63.54166667,44.54166667,GBIF
Aesc,-64.54166667,45.625,GBIF
Aesc,-63.54166667,44.45833333,GBIF
Aesc,-63.54166667,44.45833333,GBIF
Aesc,-63.875,44.45833333,GBIF
Aesc,-63.54166667,44.45833333,GBIF
Aesc,-58.04166667,47.70833333,GBIF
Aesc,-58.95833333,48.625,GBIF
Aesc,-63.54166667,44.625,GBIF
Aesc,-59.04166667,48.625,GBIF
Aesc,-63.54166667,44.45833333,GBIF
Aesc,-63.125,44.70833333,GBIF
Aesc,-64.45833333,44.20833333,GBIF
Aesc,-65.95833333,44.625,GBIF
Aesc,-66.125,44.45833333,GBIF
Aesc,-64.45833333,44.20833333,GBIF
Aesc,-66.125,44.45833333,GBIF
Aesc,-65.95833333,44.625,GBIF
Aesc,-64.45833333,44.20833333,GBIF
Aesc,-66.125,44.45833333,GBIF
Aesc,-66.04166667,43.875,GBIF
Aesc,-63.95833333,44.54166667,GBIF
Aesc,-66.125,44.45833333,GBIF
Aesc,-66.375,44.29166667,GBIF
Aesc,-66.375,44.29166667,GBIF
Aesc,8.208333333,58.125,GBIF
Aesc,-7.125,58.125,GBIF
Aesc,7.375,58.04166667,GBIF
Aesc,-6.875,62.125,GBIF
Aesc,6.708333333,58.04166667,GBIF
Aesc,-68.79166667,44.20833333,GBIF
Aesc,-68.79166667,44.20833333,GBIF
Aesc,-4.958333333,50.54166667,GBIF
Aesc,-4.958333333,50.54166667,GBIF
Aesc,-4.125,52.375,GBIF
Aesc,-5.208333333,51.70833333,GBIF
Aesc,-5.208333333,51.70833333,GBIF
Aesc,-4.958333333,50.54166667,GBIF
Aesc,-4.625,51.125,GBIF
Aesc,-156.4583333,71.29166667,GBIF
Aesc,-7.458333333,57.20833333,GBIF
Aesc,-7.541666667,57.625,GBIF
Aesc,-6.208333333,58.375,GBIF
Aesc,-9.458333333,51.70833333,GBIF
Aesc,-4.958333333,55.70833333,GBIF
Aesc,-0.625,54.45833333,GBIF
Aesc,-3.291666667,56.04166667,GBIF
Aesc,-0.625,54.45833333,GBIF
Aesc,-0.625,54.45833333,GBIF
Aesc,-0.625,54.45833333,GBIF
Aesc,-4.541666667,54.29166667,GBIF
Aesc,-3.375,59.04166667,GBIF
Aesc,-6.375,52.20833333,GBIF
Aesc,-0.625,54.45833333,GBIF
Aesc,-2.208333333,49.70833333,GBIF
Aesc,-4.625,53.29166667,GBIF
Aesc,-4.625,55.45833333,GBIF
Aesc,-1.375,55.04166667,GBIF
Aesc,-4.625,51.20833333,GBIF
Aesc,-14.95833333,64.20833333,GBIF
Aesc,-14.29166667,64.625,GBIF
Aesc,-14.20833333,64.625,GBIF
Aesc,-14.45833333,64.45833333,GBIF
Aesc,-13.79166667,64.79166667,GBIF
Aesc,-13.95833333,65.20833333,GBIF
Aesc,-14.875,65.70833333,GBIF
Aesc,-13.54166667,65.29166667,GBIF
Aesc,-14.625,65.79166667,GBIF
Aesc,-14.625,65.79166667,GBIF
Aesc,-14.625,65.79166667,GBIF
Aesc,-14.70833333,66.04166667,GBIF
Aesc,-13.70833333,64.95833333,GBIF
Aesc,-20.70833333,65.70833333,GBIF
Aesc,-20.70833333,65.70833333,GBIF
Aesc,-19.70833333,65.875,GBIF
Aesc,-15.125,66.125,GBIF
Aesc,-15.54166667,66.20833333,GBIF
Aesc,-14.95833333,66.375,GBIF
Aesc,-17.875,66.125,GBIF
Aesc,-17.875,66.20833333,GBIF
Aesc,-16.54166667,66.45833333,GBIF
Aesc,-16.04166667,66.625,GBIF
Aesc,-15.375,66.20833333,GBIF
Aesc,-15.375,66.20833333,GBIF
Aesc,-15.375,66.20833333,GBIF
Aesc,-22.875,66.29166667,GBIF
Aesc,-21.29166667,65.54166667,GBIF
Aesc,-21.45833333,65.70833333,GBIF
Aesc,-22.875,66.29166667,GBIF
Aesc,-23.20833333,64.95833333,GBIF
Aesc,-24.54166667,65.54166667,GBIF
Aesc,-24.54166667,65.54166667,GBIF
Aesc,-22.29166667,64.04166667,GBIF
Aesc,-22.70833333,63.95833333,GBIF
Aesc,-22.375,64.625,GBIF
Aesc,30.70833333,70.29166667,GBIF
Aesc,30.70833333,70.29166667,GBIF
Aesc,5.375,60.375,GBIF
Aesc,-5.708333333,50.04166667,GBIF
Aesc,-2.625,56.54166667,GBIF
Aesc,-5.541666667,50.125,GBIF
Aesc,-1.375,55.04166667,GBIF
Aesc,-3.125,59.04166667,GBIF
Aesc,14.875,67.125,GBIF
Aesc,-5.208333333,49.95833333,GBIF
Aesc,-4.458333333,54.125,GBIF
Aesc,-1.958333333,55.79166667,GBIF
Aesc,-1.958333333,55.79166667,GBIF
Aesc,-1.958333333,55.79166667,GBIF
Aesc,-0.625,54.45833333,GBIF
Aesc,-9.458333333,51.70833333,GBIF
Aesc,14.875,67.125,GBIF
Aesc,-4.708333333,50.70833333,GBIF
Aesc,-3.291666667,57.70833333,GBIF
Aesc,-4.541666667,56.125,GBIF
Aesc,-8.541666667,57.79166667,GBIF
Aesc,-1.958333333,55.79166667,GBIF
Aesc,-0.291666667,54.20833333,GBIF
Aesc,-0.291666667,54.20833333,GBIF
Aesc,6.208333333,59.04166667,GBIF
Aesc,-9.458333333,51.70833333,GBIF
Aesc,-4.791666667,50.625,GBIF
Aesc,-6.375,58.20833333,GBIF
Aesc,-3.375,59.04166667,GBIF
Aesc,-4.791666667,50.625,GBIF
Aesc,-3.041666667,58.625,GBIF
Aesc,-0.291666667,54.20833333,GBIF
Aesc,-5.041666667,50.45833333,GBIF
Aesc,-3.375,59.04166667,GBIF
Aesc,-0.625,54.45833333,GBIF
Aesc,-2.708333333,59.20833333,GBIF
Aesc,-4.041666667,52.375,GBIF
Aesc,-2.541666667,56.20833333,GBIF
Aesc,-4.708333333,50.70833333,GBIF
Aesc,-1.958333333,55.79166667,GBIF
Aesc,-2.041666667,60.125,GBIF
Aesc,-5.458333333,50.20833333,GBIF
Aesc,-2.541666667,56.20833333,GBIF
Aesc,-0.625,54.45833333,GBIF
Aesc,-1.958333333,55.79166667,GBIF
Aesc,-4.541666667,56.125,GBIF
Aesc,-4.041666667,52.375,GBIF
Aesc,-0.291666667,54.20833333,GBIF
Aesc,-1.958333333,55.79166667,GBIF
Aesc,-5.041666667,51.625,GBIF
Aesc,-4.791666667,54.125,GBIF
Aesc,-4.541666667,54.29166667,GBIF
Aesc,-5.041666667,50.45833333,GBIF
Aesc,-4.625,54.04166667,GBIF
Aesc,-2.208333333,49.70833333,GBIF
Aesc,-1.791666667,57.54166667,GBIF
Aesc,-5.458333333,50.20833333,GBIF
Aesc,-4.708333333,50.375,GBIF
Aesc,-4.625,54.04166667,GBIF
Aesc,-4.791666667,55.625,GBIF
Aesc,-5.208333333,51.95833333,GBIF
Aesc,-5.541666667,50.125,GBIF
Aesc,-4.625,51.20833333,GBIF
Aesc,-3.125,59.04166667,GBIF
Aesc,-6.291666667,49.875,GBIF
Aesc,-0.625,54.45833333,GBIF
Aesc,-4.625,53.29166667,GBIF
Aesc,-3.541666667,50.625,GBIF
Aesc,-4.958333333,55.70833333,GBIF
Aesc,-1.958333333,55.79166667,GBIF
Aesc,-4.791666667,55.625,GBIF
Aesc,-4.541666667,56.125,GBIF
Aesc,-5.458333333,50.125,GBIF
Aesc,-4.541666667,53.20833333,GBIF
Aesc,-3.375,58.29166667,GBIF
Aesc,-4.958333333,51.70833333,GBIF
Aesc,-2.208333333,49.70833333,GBIF
Aesc,-1.291666667,60.45833333,GBIF
Aesc,-0.625,54.45833333,GBIF
Aesc,-5.208333333,49.95833333,GBIF
Aesc,-4.041666667,52.375,GBIF
Aesc,-5.208333333,55.625,GBIF
Aesc,-4.708333333,50.70833333,GBIF
Aesc,-4.291666667,53.20833333,GBIF
Aesc,-4.625,54.04166667,GBIF
Aesc,-1.458333333,55.04166667,GBIF
Aesc,-4.791666667,55.375,GBIF
Aesc,-1.958333333,55.79166667,GBIF
Aesc,-6.375,49.875,GBIF
Aesc,-0.625,54.45833333,GBIF
Aesc,-0.291666667,54.20833333,GBIF
Aesc,-5.208333333,49.95833333,GBIF
Aesc,-4.625,54.04166667,GBIF
Aesc,-9.458333333,51.70833333,GBIF
Aesc,-1.958333333,55.79166667,GBIF
Aesc,-2.125,49.20833333,GBIF
Aesc,-1.958333333,55.79166667,GBIF
Aesc,-5.458333333,50.125,GBIF
Aesc,-2.041666667,57.125,GBIF
Aesc,-5.125,58.375,GBIF
Aesc,-4.708333333,50.70833333,GBIF
Aesc,-4.541666667,54.29166667,GBIF
Aesc,-4.208333333,54.875,GBIF
Aesc,-2.208333333,49.70833333,GBIF
Aesc,-3.375,59.125,GBIF
Aesc,-9.458333333,51.70833333,GBIF
Aesc,-3.208333333,58.875,GBIF
Aesc,-3.208333333,58.875,GBIF
Aesc,-3.291666667,56.04166667,GBIF
Aesc,-9.458333333,51.70833333,GBIF
Aesc,-4.708333333,50.70833333,GBIF
Aesc,-5.208333333,49.95833333,GBIF
Aesc,-3.125,59.04166667,GBIF
Aesc,-3.375,59.04166667,GBIF
Aesc,-4.708333333,54.04166667,GBIF
Aesc,-1.958333333,55.79166667,GBIF
Aesc,-1.708333333,55.625,GBIF
Aesc,-9.041666667,52.79166667,GBIF
Aesc,-5.541666667,50.125,GBIF
Aesc,14.875,67.125,GBIF
Aesc,-4.541666667,56.125,GBIF
Aesc,-5.458333333,50.125,GBIF
Aesc,-2.208333333,49.70833333,GBIF
Aesc,-0.291666667,54.20833333,GBIF
Aesc,-0.291666667,54.20833333,GBIF
Aesc,-2.125,57.70833333,GBIF
Aesc,-4.625,53.29166667,GBIF
Aesc,-5.125,50.45833333,GBIF
Aesc,-2.541666667,56.04166667,GBIF
Aesc,-3.541666667,50.625,GBIF
Aesc,-6.125,56.45833333,GBIF
Aesc,-5.208333333,55.625,GBIF
Aesc,-4.458333333,54.125,GBIF
Aesc,-1.958333333,55.79166667,GBIF
Aesc,-0.291666667,54.20833333,GBIF
Aesc,-5.458333333,50.20833333,GBIF
Aesc,-4.541666667,56.125,GBIF
Aesc,-5.125,51.70833333,GBIF
Aesc,-5.208333333,49.95833333,GBIF
Aesc,-5.291666667,50.29166667,GBIF
Aesc,-5.791666667,57.625,GBIF
Aesc,-1.958333333,55.79166667,GBIF
Aesc,-2.208333333,49.70833333,GBIF
Aesc,-9.458333333,51.70833333,GBIF
Aesc,-4.541666667,56.125,GBIF
Aesc,-5.458333333,50.125,GBIF
Aesc,-1.958333333,55.79166667,GBIF
Aesc,-3.375,59.04166667,GBIF
Aesc,-0.125,50.79166667,GBIF
Aesc,-4.541666667,56.125,GBIF
Aesc,-1.208333333,60.625,GBIF
Aesc,-9.458333333,51.70833333,GBIF
Aesc,-5.458333333,50.20833333,GBIF
Aesc,-1.958333333,55.79166667,GBIF
Aesc,-4.708333333,50.70833333,GBIF
Aesc,-4.625,53.29166667,GBIF
Aesc,-4.791666667,55.625,GBIF
Aesc,-5.208333333,55.625,GBIF
Aesc,-2.875,58.70833333,GBIF
Aesc,-4.458333333,58.54166667,GBIF
Aesc,-2.041666667,57.125,GBIF
Aesc,-3.125,59.04166667,GBIF
Aesc,-0.291666667,54.20833333,GBIF
Aesc,-3.875,57.79166667,GBIF
Aesc,-7.125,58.125,GBIF
Aesc,-4.541666667,56.125,GBIF
Aesc,5.375,60.375,GBIF
Aesc,5.375,60.375,GBIF
Aesc,-6.791666667,62.04166667,GBIF
Aesc,-6.708333333,61.625,GBIF
Aesc,-6.791666667,62.04166667,GBIF
Aesc,5.125,59.45833333,GBIF
Aesc,4.958333333,60.45833333,GBIF
Aesc,20.04166667,69.79166667,GBIF
Aesc,20.04166667,69.79166667,GBIF
Aesc,16.79166667,79.95833333,GBIF
Aesc,5.125,59.45833333,GBIF
Aesc,5.375,60.375,GBIF
Aesc,10.375,63.45833333,GBIF
Aesc,5.375,60.375,GBIF
Aesc,-69.95833333,43.45833333,GBIF
Aesc,-70.875,42.45833333,GBIF
Aesc,-71.29166667,41.54166667,GBIF
Aesc,-70.625,42.625,GBIF
Aesc,-70.875,42.45833333,GBIF
Aesc,-70.29166667,43.70833333,GBIF
Aesc,-70.79166667,42.95833333,GBIF
Aesc,-70.875,42.45833333,GBIF
Aesc,-69.20833333,44.04166667,GBIF
Aesc,-70.625,42.95833333,GBIF
Aesc,-70.95833333,42.45833333,GBIF
Aesc,-18.54166667,76.625,GBIF
Aesc,-18.54166667,76.625,GBIF
Aesc,-18.54166667,76.625,GBIF
Aesc,-18.54166667,76.625,GBIF
Aesc,-18.54166667,76.625,GBIF
Aesc,-26.29166667,70.45833333,GBIF
Aesc,-50.70833333,63.04166667,GBIF
Aesc,-31.70833333,68.125,GBIF
Aesc,-31.70833333,68.125,GBIF
Aesc,-22.95833333,66.04166667,GBIF
Aesc,-22.95833333,66.04166667,GBIF
Aesc,-22.95833333,66.04166667,GBIF
Aesc,-16.95833333,66.125,GBIF
Aesc,-16.95833333,66.125,GBIF
Aesc,-16.95833333,66.125,GBIF
Aesc,-16.95833333,66.125,GBIF
Aesc,9.958333333,57.04166667,GBIF
Aesc,9.958333333,57.04166667,GBIF
Aesc,-21.95833333,65.04166667,GBIF
Aesc,-21.95833333,63.95833333,GBIF
Aesc,-21.95833333,63.95833333,GBIF
Aesc,-22.95833333,66.04166667,GBIF
Aesc,-22.95833333,66.04166667,GBIF
Aesc,-13.95833333,65.04166667,GBIF
Aesc,-13.95833333,65.04166667,GBIF
Aesc,-13.95833333,65.04166667,GBIF
Aesc,-13.95833333,65.04166667,GBIF
Aesc,-13.95833333,65.04166667,GBIF
Aesc,-13.95833333,65.04166667,GBIF
Aesc,-16.95833333,66.125,GBIF
Aesc,-16.95833333,66.125,GBIF
Aesc,-16.95833333,66.125,GBIF
Aesc,-14.95833333,66.04166667,GBIF
Aesc,-14.95833333,66.04166667,GBIF
Aesc,-14.95833333,66.04166667,GBIF
Aesc,-14.95833333,66.04166667,GBIF
Aesc,-14.95833333,66.04166667,GBIF
Aesc,-21.95833333,63.95833333,GBIF
Aesc,-21.95833333,63.95833333,GBIF
Aesc,-21.95833333,63.95833333,GBIF
Aesc,-22.95833333,64.04166667,GBIF
Aesc,-21.95833333,66.20833333,GBIF
Aesc,-21.95833333,66.20833333,GBIF
Aesc,-13.95833333,65.04166667,GBIF
Aesc,-14.95833333,66.04166667,GBIF
Aesc,-14.95833333,66.04166667,GBIF
Aesc,-16.95833333,66.125,GBIF
Aesc,-16.95833333,66.125,GBIF
Aesc,-22.95833333,65.04166667,GBIF
Aesc,-22.95833333,65.04166667,GBIF
Aesc,-21.95833333,65.04166667,GBIF
Aesc,-21.95833333,63.95833333,GBIF
Aesc,-22.95833333,65.04166667,GBIF
Aesc,-6.958333333,62.04166667,GBIF
Aesc,-5.958333333,62.04166667,GBIF
Aesc,-5.958333333,62.04166667,GBIF
Aesc,-5.958333333,62.04166667,GBIF
Aesc,-5.958333333,62.04166667,GBIF
Aesc,-5.958333333,62.04166667,GBIF
Aesc,-5.958333333,62.04166667,GBIF
Aesc,-5.958333333,62.04166667,GBIF
Aesc,-6.958333333,62.04166667,GBIF
Aesc,-6.958333333,62.04166667,GBIF
Aesc,-6.958333333,62.04166667,GBIF
Aesc,-5.958333333,62.04166667,GBIF
Aesc,-5.958333333,62.04166667,GBIF
Aesc,-5.958333333,62.04166667,GBIF
Aesc,-5.958333333,62.04166667,GBIF
Aesc,-5.958333333,62.04166667,GBIF
Aesc,-5.958333333,62.04166667,GBIF
Aesc,-5.958333333,62.04166667,GBIF
Aesc,-6.958333333,62.04166667,GBIF
Aesc,-5.958333333,62.04166667,GBIF
Aesc,-5.958333333,62.04166667,GBIF
Aesc,-5.958333333,62.04166667,GBIF
Aesc,-5.958333333,62.04166667,GBIF
Aesc,-5.958333333,62.04166667,GBIF
Aesc,-6.958333333,62.04166667,GBIF
Aesc,-6.958333333,62.04166667,GBIF
Aesc,-5.958333333,62.04166667,GBIF
Aesc,-5.958333333,62.04166667,GBIF
Aesc,-5.958333333,62.04166667,GBIF
Aesc,-5.958333333,62.04166667,GBIF
Aesc,-5.958333333,62.04166667,GBIF
Aesc,-5.958333333,62.04166667,GBIF
Aesc,-5.958333333,62.04166667,GBIF
Aesc,-5.958333333,62.04166667,GBIF
Aesc,-5.958333333,62.04166667,GBIF
Aesc,-5.958333333,62.04166667,GBIF
Aesc,-5.958333333,62.04166667,GBIF
Aesc,-5.958333333,62.04166667,GBIF
Aesc,-5.958333333,62.04166667,GBIF
Aesc,-5.958333333,62.04166667,GBIF
Aesc,-5.958333333,62.04166667,GBIF
Aesc,-5.958333333,62.04166667,GBIF
Aesc,-5.958333333,62.04166667,GBIF
Aesc,-5.958333333,62.04166667,GBIF
Aesc,-5.958333333,62.04166667,GBIF
Aesc,-5.958333333,62.04166667,GBIF
Aesc,-5.958333333,62.04166667,GBIF
Aesc,-5.958333333,62.04166667,GBIF
Aesc,-5.958333333,62.04166667,GBIF
Aesc,-5.958333333,62.04166667,GBIF
Aesc,-5.958333333,62.04166667,GBIF
Aesc,-5.958333333,62.04166667,GBIF
Aesc,-5.958333333,62.04166667,GBIF
Aesc,-5.958333333,62.04166667,GBIF
Aesc,-6.958333333,62.04166667,GBIF
Aesc,-6.958333333,62.04166667,GBIF
Aesc,-6.958333333,62.04166667,GBIF
Aesc,-5.958333333,62.04166667,GBIF
Aesc,-5.958333333,62.04166667,GBIF
Aesc,-5.958333333,62.04166667,GBIF
Aesc,-5.958333333,62.04166667,GBIF
Aesc,-5.958333333,62.04166667,GBIF
Aesc,-6.958333333,62.04166667,GBIF
Aesc,-6.958333333,62.04166667,GBIF
Aesc,-6.958333333,62.04166667,GBIF
Aesc,-5.958333333,62.04166667,GBIF
Aesc,-5.958333333,62.04166667,GBIF
Aesc,-5.958333333,62.04166667,GBIF
Aesc,-6.958333333,62.04166667,GBIF
Aesc,-6.958333333,62.04166667,GBIF
Aesc,-5.958333333,62.04166667,GBIF
Aesc,-5.958333333,62.04166667,GBIF
Aesc,-5.958333333,62.04166667,GBIF
Aesc,-5.958333333,62.04166667,GBIF
Aesc,-5.958333333,62.04166667,GBIF
Aesc,-5.958333333,62.04166667,GBIF
Aesc,-5.958333333,62.04166667,GBIF
Aesc,-5.958333333,62.04166667,GBIF
Aesc,-5.958333333,62.04166667,GBIF
Aesc,-5.958333333,62.04166667,GBIF
Aesc,-5.958333333,62.04166667,GBIF
Aesc,-5.958333333,62.04166667,GBIF
Aesc,-5.958333333,62.04166667,GBIF
Aesc,-5.958333333,62.04166667,GBIF
Aesc,-6.958333333,62.04166667,GBIF
Aesc,-6.958333333,62.04166667,GBIF
Aesc,-6.958333333,62.04166667,GBIF
Aesc,-5.958333333,62.04166667,GBIF
Aesc,-5.958333333,62.04166667,GBIF
Aesc,-5.958333333,62.04166667,GBIF
Aesc,-5.958333333,62.04166667,GBIF
Aesc,-5.958333333,62.04166667,GBIF
Aesc,-5.958333333,62.04166667,GBIF
Aesc,-5.958333333,62.04166667,GBIF
Aesc,-6.958333333,62.04166667,GBIF
Aesc,-5.958333333,62.04166667,GBIF
Aesc,-5.958333333,62.04166667,GBIF
Aesc,-5.958333333,62.04166667,GBIF
Aesc,-5.958333333,62.04166667,GBIF
Aesc,-5.958333333,62.04166667,GBIF
Aesc,-5.958333333,62.04166667,GBIF
Aesc,-5.958333333,62.04166667,GBIF
Aesc,-5.958333333,62.04166667,GBIF
Aesc,-5.958333333,62.04166667,GBIF
Aesc,-5.958333333,62.04166667,GBIF
Aesc,-5.958333333,62.04166667,GBIF
Aesc,-5.958333333,62.04166667,GBIF
Aesc,-5.958333333,62.04166667,GBIF
Aesc,-5.958333333,62.04166667,GBIF
Aesc,-6.958333333,62.04166667,GBIF
Aesc,-6.958333333,62.04166667,GBIF
Aesc,-5.958333333,62.04166667,GBIF
Aesc,-5.958333333,62.04166667,GBIF
Aesc,12.29166667,56.125,GBIF
Aesc,8.458333333,55.45833333,GBIF
Aesc,10.04166667,57.625,GBIF
Aesc,10.04166667,57.625,GBIF
Aesc,10.29166667,57.625,GBIF
Aesc,10.29166667,57.625,GBIF
Aesc,8.458333333,55.45833333,GBIF
Aesc,9.708333333,57.375,GBIF
Aesc,10.54166667,57.70833333,GBIF
Aesc,-6.791666667,61.54166667,GBIF
Aesc,-6.708333333,61.375,GBIF
Aesc,-6.708333333,61.70833333,GBIF
Aesc,-7.041666667,62.29166667,GBIF
Aesc,-6.708333333,62.04166667,GBIF
Aesc,-6.708333333,62.04166667,GBIF
Aesc,-6.708333333,62.04166667,GBIF
Aesc,-6.708333333,62.04166667,GBIF
Aesc,-6.708333333,62.04166667,GBIF
Aesc,-6.791666667,61.54166667,GBIF
Aesc,-6.625,62.20833333,GBIF
Aesc,-6.625,62.20833333,GBIF
Aesc,-6.791666667,61.54166667,GBIF
Aesc,-6.708333333,61.70833333,GBIF
Aesc,-6.708333333,61.70833333,GBIF
Aesc,-6.708333333,62.04166667,GBIF
Aesc,-6.291666667,62.29166667,GBIF
Aesc,-6.291666667,62.29166667,GBIF
Aesc,-6.291666667,62.29166667,GBIF
Aesc,-6.541666667,62.20833333,GBIF
Aesc,-6.625,61.79166667,GBIF
Aesc,-6.458333333,62.20833333,GBIF
Aesc,-6.541666667,62.20833333,GBIF
Aesc,-6.375,62.20833333,GBIF
Aesc,-6.791666667,62.04166667,GBIF
Aesc,-6.791666667,62.04166667,GBIF
Aesc,-6.541666667,62.20833333,GBIF
Aesc,-6.541666667,62.20833333,GBIF
Aesc,-6.541666667,62.20833333,GBIF
Aesc,-6.708333333,61.375,GBIF
Aesc,-6.708333333,61.375,GBIF
Aesc,-7.041666667,62.125,GBIF
Aesc,-7.291666667,62.04166667,GBIF
Aesc,-6.708333333,61.79166667,GBIF
Aesc,-7.375,62.04166667,GBIF
Aesc,-6.458333333,62.29166667,GBIF
Aesc,-6.791666667,62.29166667,GBIF
Aesc,-6.958333333,61.54166667,GBIF
Aesc,4.708333333,61.54166667,GBIF
Aesc,-7.625,62.125,GBIF
Aesc,4.875,61.625,GBIF
Aesc,-7.625,62.125,GBIF
Aesc,-6.708333333,61.79166667,GBIF
Aesc,-6.541666667,62.375,GBIF
Aesc,-6.958333333,62.04166667,GBIF
Aesc,-6.541666667,62.20833333,GBIF
Aesc,-6.541666667,62.20833333,GBIF
Aesc,-6.541666667,62.20833333,GBIF
Aesc,-6.541666667,62.375,GBIF
Aesc,-7.041666667,62.29166667,GBIF
Aesc,-6.958333333,62.04166667,GBIF
Aesc,-6.958333333,62.04166667,GBIF
Aesc,-6.958333333,62.04166667,GBIF
Aesc,-6.541666667,62.20833333,GBIF
Aesc,-6.791666667,61.45833333,GBIF
Aesc,-6.791666667,62.29166667,GBIF
Aesc,-7.041666667,62.29166667,GBIF
Aesc,-7.375,62.04166667,GBIF
Aesc,-6.458333333,62.29166667,GBIF
Aesc,-6.541666667,62.20833333,GBIF
Aesc,-6.541666667,62.375,GBIF
Aesc,-6.875,61.45833333,GBIF
Aesc,-6.958333333,62.04166667,GBIF
Aesc,-7.375,62.04166667,GBIF
Aesc,-6.708333333,61.375,GBIF
Aesc,-6.958333333,61.875,GBIF
Aesc,-6.708333333,61.875,GBIF
Aesc,-6.958333333,61.79166667,GBIF
Aesc,-6.791666667,62.04166667,GBIF
Aesc,-6.791666667,62.04166667,GBIF
Aesc,-6.708333333,61.79166667,GBIF
Aesc,-6.708333333,61.875,GBIF
Aesc,-6.791666667,62.04166667,GBIF
Aesc,-6.791666667,62.29166667,GBIF
Aesc,-7.125,62.29166667,GBIF
Aesc,-6.875,62.29166667,GBIF
Aesc,-6.958333333,62.29166667,GBIF
Aesc,-6.958333333,62.29166667,GBIF
Aesc,-7.041666667,62.29166667,GBIF
Aesc,-6.791666667,61.95833333,GBIF
Aesc,-6.791666667,62.04166667,GBIF
Aesc,-6.875,61.95833333,GBIF
Aesc,-6.708333333,62.125,GBIF
Aesc,-6.791666667,61.54166667,GBIF
Aesc,-6.708333333,61.375,GBIF
Aesc,-6.708333333,62.04166667,GBIF
Aesc,-6.958333333,62.29166667,GBIF
Aesc,-6.708333333,62.125,GBIF
Aesc,-6.708333333,62.125,GBIF
Aesc,-6.708333333,62.125,GBIF
Aesc,-6.541666667,62.20833333,GBIF
Aesc,-6.791666667,61.54166667,GBIF
Aesc,-6.958333333,61.625,GBIF
Aesc,-6.708333333,61.70833333,GBIF
Aesc,-6.708333333,61.70833333,GBIF
Aesc,-6.708333333,61.70833333,GBIF
Aesc,-7.041666667,62.20833333,GBIF
Aesc,-7.041666667,62.20833333,GBIF
Aesc,-7.041666667,62.125,GBIF
Aesc,-6.708333333,62.04166667,GBIF
Aesc,-6.708333333,62.04166667,GBIF
Aesc,-6.708333333,62.04166667,GBIF
Aesc,-6.708333333,62.04166667,GBIF
Aesc,-6.708333333,62.04166667,GBIF
Aesc,-6.708333333,62.04166667,GBIF
Aesc,-6.708333333,62.04166667,GBIF
Aesc,-6.708333333,62.04166667,GBIF
Aesc,-6.708333333,62.04166667,GBIF
Aesc,-6.708333333,62.04166667,GBIF
Aesc,-6.708333333,62.04166667,GBIF
Aesc,-6.708333333,62.04166667,GBIF
Aesc,-6.791666667,62.04166667,GBIF
Aesc,-6.708333333,62.04166667,GBIF
Aesc,-6.708333333,62.04166667,GBIF
Aesc,-6.708333333,62.04166667,GBIF
Aesc,-6.791666667,62.29166667,GBIF
Aesc,-6.708333333,62.29166667,GBIF
Aesc,-6.958333333,62.29166667,GBIF
Aesc,-6.708333333,62.29166667,GBIF
Aesc,-6.791666667,62.29166667,GBIF
Aesc,-6.875,62.29166667,GBIF
Aesc,-6.875,62.29166667,GBIF
Aesc,-6.791666667,62.29166667,GBIF
Aesc,-6.791666667,62.29166667,GBIF
Aesc,-6.791666667,62.29166667,GBIF
Aesc,-6.958333333,62.29166667,GBIF
Aesc,-7.041666667,62.29166667,GBIF
Aesc,-7.041666667,62.29166667,GBIF
Aesc,-7.041666667,62.29166667,GBIF
Aesc,-6.708333333,62.04166667,GBIF
Aesc,-7.125,62.29166667,GBIF
Aesc,-46.04166667,60.70833333,GBIF
Aesc,-46.04166667,60.70833333,GBIF
Aesc,-51.70833333,64.20833333,GBIF
Aesc,-47.20833333,60.79166667,GBIF
Aesc,-48.70833333,61.29166667,GBIF
Aesc,-6.791666667,61.95833333,GBIF
Aesc,-6.791666667,61.95833333,GBIF
Aesc,-6.625,62.04166667,GBIF
Aesc,-6.708333333,62.04166667,GBIF
Aesc,-6.875,61.95833333,GBIF
Aesc,-7.041666667,62.29166667,GBIF
Aesc,-6.875,61.95833333,GBIF
Aesc,-6.875,62.29166667,GBIF
Aesc,-7.041666667,62.20833333,GBIF
Aesc,-6.708333333,62.125,GBIF
Aesc,-6.708333333,62.125,GBIF
Aesc,-6.791666667,62.04166667,GBIF
Aesc,-6.791666667,62.04166667,GBIF
Aesc,-6.708333333,62.125,GBIF
Aesc,-6.791666667,62.04166667,GBIF
Aesc,-6.791666667,62.20833333,GBIF
Aesc,-6.791666667,62.04166667,GBIF
Aesc,-6.791666667,62.04166667,GBIF
Aesc,-6.458333333,62.375,GBIF
Aesc,-6.791666667,62.04166667,GBIF
Aesc,-6.958333333,61.54166667,GBIF
Aesc,-6.791666667,62.04166667,GBIF
Aesc,-6.958333333,62.29166667,GBIF
Aesc,-6.708333333,61.45833333,GBIF
Aesc,-6.708333333,62.04166667,GBIF
Aesc,-6.958333333,61.54166667,GBIF
Aesc,7.458333333,57.95833333,GBIF
Aesc,7.541666667,57.95833333,GBIF
Aesc,7.541666667,57.95833333,GBIF
Aesc,7.541666667,57.95833333,GBIF
Aesc,7.625,57.95833333,GBIF
Aesc,7.208333333,57.95833333,GBIF
Aesc,7.208333333,57.95833333,GBIF
Aesc,7.208333333,57.95833333,GBIF
Aesc,7.208333333,57.95833333,GBIF
Aesc,6.291666667,58.29166667,GBIF
Aesc,6.291666667,58.29166667,GBIF
Aesc,6.375,58.29166667,GBIF
Aesc,6.375,58.29166667,GBIF
Aesc,6.291666667,58.29166667,GBIF
Aesc,6.291666667,58.29166667,GBIF
Aesc,6.375,58.29166667,GBIF
Aesc,7.541666667,57.95833333,GBIF
Aesc,6.375,58.29166667,GBIF
Aesc,7.541666667,57.95833333,GBIF
Aesc,6.708333333,58.04166667,GBIF
Aesc,7.541666667,57.95833333,GBIF
Aesc,7.208333333,57.95833333,GBIF
Aesc,7.208333333,57.95833333,GBIF
Aesc,29.54166667,69.625,GBIF
Aesc,31.125,70.375,GBIF
Aesc,31.125,70.375,GBIF
Aesc,31.125,70.375,GBIF
Aesc,31.125,70.375,GBIF
Aesc,29.54166667,69.625,GBIF
Aesc,31.125,70.375,GBIF
Aesc,18.875,69.875,GBIF
Aesc,29.54166667,69.625,GBIF
Aesc,31.125,70.375,GBIF
Aesc,31.125,70.375,GBIF
Aesc,29.54166667,69.625,GBIF
Aesc,31.125,70.375,GBIF
Aesc,18.875,69.875,GBIF
Aesc,18.04166667,69.625,GBIF
Aesc,18.875,69.625,GBIF
Aesc,18.875,69.625,GBIF
Aesc,18.45833333,69.875,GBIF
Aesc,-4.541666667,43.375,GBIF
Aesc,-20.29166667,63.45833333,GBIF
Aesc,-20.29166667,63.45833333,GBIF
Aesc,-18.04166667,65.70833333,GBIF
Aesc,-18.125,65.70833333,GBIF
Aesc,-18.29166667,65.875,GBIF
Aesc,-20.29166667,63.45833333,GBIF
Aesc,-20.45833333,66.04166667,GBIF
Aesc,-18.875,66.20833333,GBIF
Aesc,7.875,54.20833333,GBIF
Aesc,8.458333333,55.04166667,GBIF
Aesc,8.458333333,55.04166667,GBIF
Aesc,8.458333333,55.04166667,GBIF
Aesc,8.458333333,55.04166667,GBIF
Aesc,8.458333333,55.04166667,GBIF
Aesc,8.458333333,55.04166667,GBIF
Aesc,-66.45833333,45.04166667,GBIF
Aesc,-70.79166667,42.54166667,Muesuem
Aesc,-10.29166667,51.95833333,Muesuem
Aesc,-70.125,47.70833333,Muesuem
Aesc,-70.125,47.70833333,Muesuem
Aesc,-64.29166667,48.79166667,Muesuem
Aesc,-115.0416667,68.875,Muesuem
Aesc,-67.375,49.29166667,Muesuem
Aesc,-52.875,47.04166667,Muesuem
Aesc,-52.875,47.04166667,Muesuem
Aesc,-52.79166667,47.29166667,Muesuem
Aesc,-52.70833333,47.70833333,Muesuem
Aesc,-52.875,47.04166667,Muesuem
Aesc,-52.70833333,47.625,Muesuem
Aesc,-52.70833333,47.625,Muesuem
Aesc,-68.875,48.375,Muesuem
Aesc,-69.95833333,47.79166667,Muesuem
Aesc,-68.875,48.29166667,Muesuem
Aesc,-67.625,49.29166667,Muesuem
Aesc,-71.95833333,61.625,Muesuem
Aesc,-68.79166667,48.375,Muesuem
Aesc,-68.79166667,48.375,Muesuem
Aesc,-64.20833333,48.79166667,Muesuem
Aesc,-64.20833333,48.79166667,Muesuem
Aesc,-64.125,48.79166667,Muesuem
Aesc,-64.20833333,48.875,Muesuem
Aesc,-64.20833333,48.875,Muesuem
Aesc,-64.20833333,48.875,Muesuem
Aesc,-66.95833333,44.875,Muesuem
Aesc,-76.375,64.29166667,Muesuem
Aesc,-76.375,64.29166667,Muesuem
Aesc,-71.95833333,61.625,Muesuem
Aesc,-71.95833333,61.625,Muesuem
Aesc,-94.45833333,71.95833333,Muesuem
Aesc,-94.45833333,71.95833333,Muesuem
Aesc,-124.7916667,70.20833333,Muesuem
Aesc,-124.7916667,70.20833333,Muesuem
Aesc,-124.5416667,70.20833333,Muesuem
Aesc,-124.5416667,70.20833333,Muesuem
Aesc,-57.375,50.54166667,Muesuem
Aesc,-98.375,69.625,Muesuem
Aesc,-98.375,69.625,Muesuem
Aesc,-98.375,69.625,Muesuem
Aesc,-93.375,75.20833333,Muesuem
Aesc,-93.375,75.20833333,Muesuem
Aesc,-91.54166667,70.125,Muesuem
Aesc,-92.54166667,75.29166667,Muesuem
Aesc,-92.54166667,75.29166667,Muesuem
Aesc,-89.70833333,76.375,Muesuem
Aesc,-92.54166667,75.29166667,Muesuem
Aesc,-84.20833333,75.875,Muesuem
Aesc,-84.20833333,75.875,Muesuem
Aesc,-91.54166667,70.125,Muesuem
Aesc,-91.54166667,70.125,Muesuem
Aesc,-91.54166667,70.125,Muesuem
Aesc,-91.54166667,70.125,Muesuem
Aesc,-92.70833333,69.70833333,Muesuem
Aesc,-96.79166667,75.70833333,Muesuem
Aesc,-93.79166667,72.70833333,Muesuem
Aesc,-94.375,72.04166667,Muesuem
Aesc,-94.375,72.04166667,Muesuem
Aesc,-94.375,72.04166667,Muesuem
Aesc,-94.375,72.04166667,Muesuem
Aesc,-94.375,72.04166667,Muesuem
Aesc,-94.375,72.04166667,Muesuem
Aesc,-93.95833333,74.625,Muesuem
Aesc,-93.95833333,74.625,Muesuem
Aesc,-85.45833333,75.625,Muesuem
Aesc,-85.45833333,75.625,Muesuem
Aesc,-85.45833333,75.625,Muesuem
Aesc,-95.125,77.20833333,Muesuem
Aesc,-96.95833333,76.875,Muesuem
Aesc,-96.95833333,76.875,Muesuem
Aesc,-96.95833333,76.875,Muesuem
Aesc,-93.95833333,74.125,Muesuem
Aesc,-93.95833333,74.125,Muesuem
Aesc,-95.29166667,76.125,Muesuem
Aesc,-95.29166667,76.125,Muesuem
Aesc,-95.29166667,76.125,Muesuem
Aesc,-95.29166667,76.125,Muesuem
Aesc,-63.54166667,44.625,Muesuem
Aesc,-63.54166667,44.625,Muesuem
Aesc,-63.45833333,44.54166667,Muesuem
Aesc,-70.95833333,42.45833333,Muesuem
Aesc,10.29166667,57.625,Muesuem
Aesc,-54.95833333,47.54166667,Muesuem
Aesc,-54.95833333,47.54166667,Muesuem
Aesc,-93.79166667,74.125,Muesuem
Aesc,-51.95833333,64.20833333,Shoenrock et al
Aesc,-51.95833333,64.20833333,Shoenrock et al
Aesc,-51.95833333,64.20833333,Shoenrock et al
Aesc,-51.875,64.20833333,Shoenrock et al
Aesc,-51.875,64.20833333,Shoenrock et al
Aesc,-51.95833333,64.125,Shoenrock et al
Aesc,-51.95833333,64.125,Shoenrock et al
Aesc,-51.95833333,64.125,Shoenrock et al
Aesc,-51.79166667,64.125,Shoenrock et al
Aesc,-83.20833333,64.04166667,SIMEP
Aesc,-77.95833333,72.70833333,PICKeR
Aesc,-74.875,62.20833333,CAISN DFO
Aesc,-64.375,60.20833333,Arctic Amazing Race
Aesc,-81.04166667,64.04166667,SIMEP
Aesc,-63.54166667,59.29166667,Arctic Amazing Race
Aesc,-63.70833333,59.45833333,Arctic Amazing Race
Aesc,-68.45833333,63.70833333,CAISN DFO
Aesc,-68.45833333,63.70833333,CAISN DFO
Aesc,-77.45833333,72.79166667,PICKeR
Aesc,-65.95833333,66.125,Pangnirtung NFA
Aesc,-67.95833333,66.29166667,Pangnirtung NFA
Aesc,-62.20833333,67.04166667,Arctic Amazing Race
Aesc,-64.04166667,67.54166667,Arctic Amazing Race
Aesc,-85.625,65.875,SIMEP
Aesc,-86.20833333,66.29166667,SIMEP
Aesc,-84.70833333,65.95833333,SIMEP
Aesc,-82.95833333,64.875,SIMEP
Aesc,-80.20833333,63.79166667,SIMEP
Aesc,-80.875,63.54166667,SIMEP
Aesc,-81.95833333,62.95833333,SIMEP
Aesc,-81.875,62.95833333,SIMEP
Aesc,-82.375,63.625,SIMEP
Aesc,-87.29166667,63.70833333,SIMEP
Aesc,-86.375,64.29166667,SIMEP
Aesc,-78.79166667,70.20833333,CAISN DFO
Aesc,-78.375,70.20833333,CAISN DFO
Aesc,-78.54166667,70.29166667,CAISN DFO
Aesc,-77.625,72.79166667,PICKeR
Aesc,-76.625,72.625,PICKeR
Aesc,11.125,79.125,Hop et al 2016
Aesc,11.625,79.04166667,Hop et al 2016
Aesc,11.625,79.04166667,Hop et al 2016
Aesc,12.04166667,78.54166667,Hop et al 2016
Aesc,-55.70833333,52.375,Filbee-Dexter et al
Aesc,-55.625,52.20833333,Filbee-Dexter et al
Aesc,-55.625,53.20833333,Filbee-Dexter et al
Aesc,-55.625,52.20833333,Filbee-Dexter et al
Aesc,-69.70833333,60.04166667,Filbee-Dexter et al
Aesc,-69.95833333,59.95833333,Filbee-Dexter et al
Aesc,-51.625,64.125,Filbee-Dexter et al
Aesc,6.541666667,62.79166667,Filbee-Dexter et al
Aesc,6.541666667,62.79166667,Filbee-Dexter et al
Aesc,11.54166667,65.70833333,Filbee-Dexter et al
Aesc,11.625,65.70833333,Filbee-Dexter et al
Aesc,12.125,65.70833333,Filbee-Dexter et al
Aesc,16.79166667,69.125,Filbee-Dexter et al
Aesc,16.875,69.04166667,Filbee-Dexter et al
Aesc,16.875,69.125,Filbee-Dexter et al
Aesc,16.875,69.29166667,Filbee-Dexter et al
Aesc,16.875,69.29166667,Filbee-Dexter et al
Aesc,16.95833333,69.04166667,Filbee-Dexter et al
Aesc,17.875,69.625,Filbee-Dexter et al
Aesc,11.625,79.04166667,Filbee-Dexter et al
Aesc,29.45833333,70.70833333,Filbee-Dexter et al
Aesc,30.125,69.875,Filbee-Dexter et al
Aesc,33.04166667,69.04166667,Filbee-Dexter et al
Aesc,-147.5416667,70.29166667,Filbee-Dexter et al
Aesc,5.041666667,60.125,Saunders
Aesc,-8.458333333,54.45833333,Saunders
Aesc,-79.79166667,72.54166667,Saunders
Aesc,-66.70833333,45.04166667,Saunders
Aesc,-66.95833333,44.875,Saunders
Aesc,-66.95833333,44.79166667,Saunders
Aesc,-66.875,44.95833333,Saunders
Aesc,-66.79166667,45.04166667,Saunders
Aesc,-66.79166667,45.04166667,Saunders
Aesc,-66.79166667,45.04166667,Saunders
Aesc,-66.79166667,45.04166667,Saunders
Aesc,-66.79166667,45.04166667,Saunders
Aesc,-66.45833333,45.04166667,Saunders
Aesc,-66.45833333,45.04166667,Saunders
Aesc,-63.54166667,44.45833333,Saunders
Aesc,-63.54166667,44.45833333,Saunders
Aesc,-66.45833333,45.04166667,Saunders
Aesc,-66.45833333,45.04166667,Saunders
Aesc,-66.45833333,45.04166667,Saunders
Aesc,-66.70833333,44.79166667,Saunders
Aesc,-66.70833333,44.79166667,Saunders
Aesc,-66.70833333,45.04166667,Saunders
Aesc,-66.70833333,45.04166667,Saunders
Aesc,-66.45833333,45.04166667,Saunders
Aesc,-66.45833333,45.04166667,Saunders
Aesc,-66.70833333,45.04166667,Saunders
Aesc,-66.70833333,45.04166667,Saunders
Aesc,-63.54166667,44.45833333,Saunders
Aesc,-66.875,45.04166667,Saunders
Aesc,-66.54166667,45.125,Saunders
Aesc,-66.54166667,45.125,Saunders
Aesc,-66.875,44.625,Saunders
Aesc,-66.875,44.625,Saunders
Aesc,-66.875,45.04166667,Saunders
Aesc,-59.95833333,45.875,Saunders
Aesc,-59.95833333,45.875,Saunders
Aesc,-66.45833333,45.04166667,Saunders
Aesc,-94.20833333,58.79166667,Saunders
Aesc,-94.20833333,58.79166667,Saunders
Aesc,-94.20833333,58.79166667,Saunders
Aesc,-94.20833333,58.79166667,Saunders
Aesc,-94.20833333,58.79166667,Saunders
Aesc,-70.625,43.125,Saunders
Aesc,-70.20833333,43.625,Saunders
Aesc,-70.20833333,43.625,Saunders
Aesc,-66.79166667,44.79166667,Saunders
Aesc,-66.79166667,44.79166667,Saunders
Aesc,-69.375,48.29166667,Saunders
Aesc,-57.95833333,49.625,Saunders
Aesc,-57.95833333,49.54166667,Saunders
Aesc,-57.95833333,49.70833333,Saunders
Aesc,-58.375,49.125,Saunders
Aesc,-54.875,47.625,Saunders
Aesc,-55.875,47.04166667,Saunders
Aesc,-54.125,46.79166667,Saunders
Aesc,-54.125,46.79166667,Saunders
Aesc,-65.79166667,44.70833333,Saunders
Aesc,-69.45833333,48.29166667,Saunders
Aesc,-69.375,48.375,Saunders
Aesc,-69.375,48.375,Saunders
Aesc,-57.95833333,49.54166667,Saunders
Aesc,-147.5416667,70.29166667,Saunders
Aesc,-66.45833333,45.04166667,Saunders
Aesc,4.958333333,60.45833333,Saunders
Aesc,4.958333333,60.45833333,Saunders
Aesc,-66.79166667,45.04166667,Saunders
Aesc,-147.5416667,70.29166667,Saunders
Aesc,-54.79166667,49.70833333,Saunders
Aesc,-54.79166667,49.70833333,Saunders
Aesc,-54.79166667,49.70833333,Saunders
Aesc,-54.79166667,49.70833333,Saunders
Aesc,-54.79166667,49.70833333,Saunders
Aesc,-54.79166667,49.70833333,Saunders
Aesc,-54.79166667,49.70833333,Saunders
Aesc,-62.20833333,67.04166667,Saunders
Aesc,-64.375,60.20833333,Saunders
Aesc,-64.375,60.20833333,Saunders
Aesc,4.958333333,60.45833333,Saunders
Aesc,4.958333333,60.45833333,Saunders
Aesc,4.958333333,60.45833333,Saunders
Aesc,4.958333333,60.45833333,Saunders
Aesc,4.875,60.45833333,Saunders
Aesc,4.791666667,60.625,Saunders
Aesc,4.791666667,60.625,Saunders
Aesc,4.791666667,60.625,Saunders
Aesc,4.791666667,60.625,Saunders
Aesc,4.791666667,60.625,Saunders
Aesc,-147.5416667,70.29166667,Saunders
Aesc,-64.04166667,67.54166667,Saunders
Aesc,-62.20833333,67.04166667,Saunders
Aesc,-63.54166667,59.29166667,Saunders
Aesc,-63.54166667,50.20833333,Saunders
Aesc,-63.54166667,50.20833333,Saunders
Aesc,-63.54166667,50.20833333,Saunders
Aesc,5.125,60.20833333,Saunders
Aesc,5.125,60.20833333,Saunders
Aesc,5.125,60.20833333,Saunders
Aesc,5.125,60.20833333,Saunders
Aesc,5.125,60.20833333,Saunders
Aesc,5.125,60.20833333,Saunders
Aesc,5.041666667,60.125,Saunders
Aesc,5.041666667,60.125,Saunders
Aesc,-66.79166667,45.04166667,Saunders
Aesc,-66.79166667,45.04166667,Saunders
Aesc,-66.79166667,45.04166667,Saunders
Aesc,-66.79166667,45.04166667,Saunders
Aesc,-66.79166667,45.04166667,Saunders
Aesc,-66.79166667,45.04166667,Saunders
Aesc,-66.79166667,45.04166667,Saunders
Aesc,-66.79166667,45.04166667,Saunders
Aesc,-66.79166667,45.04166667,Saunders
Aesc,-166.2083333,64.45833333,Saunders
Aesc,-166.2083333,64.45833333,Saunders
Aesc,-166.2083333,64.45833333,Saunders
Aesc,-166.2083333,64.45833333,Saunders
Aesc,-166.2083333,64.45833333,Saunders
Aesc,-166.2083333,64.45833333,Saunders
Aesc,-166.2083333,64.45833333,Saunders
Aesc,-166.2083333,64.45833333,Saunders
Aesc,-166.2083333,64.45833333,Saunders
Aesc,-166.2083333,64.45833333,Saunders
Aesc,-166.2083333,64.45833333,Saunders
Aesc,-166.2083333,64.45833333,Saunders
Aesc,-166.2083333,64.45833333,Saunders
Aesc,-166.2083333,64.45833333,Saunders
Aesc,-166.2083333,64.45833333,Saunders
Aesc,-166.2083333,64.45833333,Saunders
Aesc,-166.2083333,64.45833333,Saunders
Aesc,-166.2083333,64.45833333,Saunders
Aesc,-166.2083333,64.45833333,Saunders
Aesc,-166.2083333,64.45833333,Saunders
Aesc,-166.2083333,64.45833333,Saunders
Aesc,-166.2083333,64.45833333,Saunders
Aesc,-166.2083333,64.45833333,Saunders
Aesc,-166.2083333,64.45833333,Saunders
Aesc,-166.2083333,64.45833333,Saunders
Aesc,-166.2083333,64.45833333,Saunders
Aesc,-166.2083333,64.45833333,Saunders
Aesc,-166.2083333,64.45833333,Saunders
Aesc,-166.2083333,64.45833333,Saunders
Aesc,-166.2083333,64.45833333,Saunders
Aesc,-166.2083333,64.45833333,Saunders
Aesc,-166.2083333,64.45833333,Saunders
Aesc,-166.2083333,64.45833333,Saunders
Aesc,-166.2083333,64.45833333,Saunders
